j,l,trajectory,M,S,D
1,1,"1 4 2 4 4 4 4 4 -1 4 -2 -4",24,1,0
2,1,"1 2 4 -1 2 4 4 4 4 4 -2 -2",24,1,512
3,1,"1 2 3 4 4 4 4 -2 4 -1 -3 4",48,1,0
4,1,"1 2 -1 -2 4 4 2 4 -2 4 4 4",24,1,-256
5,1,"1 2 -1 4 -2 -2 4 4 4 4 4 2",24,1,512
6,1,"1 2 4 4 -2 -2 -1 4 4 4 2 4",24,1,512
7,1,"1 2 4 -2 4 -1 -2 4 4 4 4 2",24,1,256
8,1,"1 2 4 4 -2 4 2 -1 4 -2 4 4",24,1,0
9,1,"1 4 4 2 2 -1 4 4 4 4 -2 -2",24,1,0
10,1,"1 4 2 4 -2 4 3 4 -3 4 -1 4",16,1,128
11,1,"1 2 4 -2 4 2 4 -1 4 -2 4 4",24,1,128
12,1,"1 2 4 3 -1 4 4 4 -3 -2 4 4",48,1,0
13,1,"1 2 4 4 -2 4 3 4 -1 4 -3 4",48,1,128
14,1,"1 2 3 4 4 -3 -2 4 4 4 -1 4",48,1,256
15,1,"1 1 1 4 4 -1 4 -1 4 4 -1 4",6,1,512
16,1,"1 2 -1 4 4 4 -2 4 4 2 4 -2",24,1,-256
17,1,"1 2 4 4 4 -2 -2 -1 4 4 4 2",24,1,512
18,1,"1 2 3 4 4 -1 4 4 -3 4 4 -2",48,1,0
19,1,"1 2 -1 4 4 -2 4 4 -2 4 2 4",24,1,0
20,1,"1 1 1 4 4 4 4 -1 -1 4 -1 4",6,1,1024
21,1,"1 2 4 -2 4 -2 4 2 -1 4 4 4",24,1,0
22,1,"1 2 4 -1 3 4 4 -2 4 4 -3 4",48,1,128
23,1,"1 2 4 -2 -2 4 4 4 -1 4 2 4",24,1,256
24,1,"1 2 4 -2 4 4 4 -1 -2 4 4 2",24,1,256
25,1,"1 2 -1 -2 4 2 4 4 4 4 4 -2",24,1,-512
26,1,"1 2 -1 -2 4 4 4 -2 4 4 4 2",24,1,0
27,1,"1 2 -1 4 -2 -2 4 4 2 4 4 4",24,1,0
28,1,"1 4 2 2 4 -2 -1 4 4 -2 4 4",24,1,256
29,1,"1 2 2 4 -2 4 4 -1 4 4 -2 4",24,1,256
30,1,"1 2 3 -1 4 -3 4 4 4 -2 4 4",48,1,0
31,1,"1 2 3 4 4 4 -1 -3 4 4 -2 4",48,1,0
32,1,"1 2 4 3 -2 4 -3 4 4 4 -1 4",48,1,128
33,1,"1 2 3 4 4 -1 -2 4 -3 4 4 4",48,1,0
34,1,"1 2 3 4 4 4 -3 -1 4 4 4 -2",48,1,256
35,1,"1 1 1 4 -1 -1 4 4 4 4 -1 4",6,1,1024
36,1,"1 2 4 -2 4 2 -1 4 4 4 4 -2",24,1,-256
37,1,"1 2 4 -2 4 4 -1 -2 4 4 4 2",24,1,256
38,1,"1 2 4 4 -1 4 2 4 4 -2 4 -2",24,1,0
39,1,"1 1 1 4 -1 4 4 4 -1 4 -1 4",6,1,512
40,1,"1 4 2 2 4 4 -1 4 4 -2 -2 4",24,1,512
41,1,"1 2 4 -2 -2 4 4 2 -1 4 4 4",24,1,0
42,1,"1 4 2 4 2 4 -2 -1 4 4 4 -2",24,1,256
43,1,"1 2 2 4 4 4 -1 -2 4 4 4 -2",24,1,-512
44,1,"1 4 2 4 4 2 4 -2 4 -2 -1 4",24,1,128
45,1,"1 4 4 2 2 4 -1 4 4 -2 4 -2",24,1,256
46,1,"1 2 4 3 4 -3 -1 4 -2 4 4 4",48,1,128
47,1,"1 2 2 -1 4 4 -2 4 4 4 -2 4",24,1,0
48,1,"1 2 4 4 2 -1 4 4 -2 4 4 -2",24,1,-256
49,1,"1 2 -1 4 4 4 3 4 4 -2 -3 4",48,1,0
50,1,"1 4 -1 4 4 2 4 4 4 4 -2 -4",24,1,0
51,1,"1 2 4 4 2 4 4 4 -1 4 -2 -2",24,1,0
52,1,"1 4 2 4 -1 4 4 2 4 -2 4 -2",24,1,128
53,1,"1 2 3 4 -1 4 -3 4 4 4 4 -2",48,1,0
54,1,"1 2 -1 4 4 -2 -2 4 4 2 4 4",24,1,0
55,1,"1 4 2 4 4 -2 -1 4 4 2 4 -2",24,1,256
56,1,"1 2 2 -1 4 4 4 4 4 -2 -2 4",24,1,0
57,1,"1 4 2 4 -2 4 -2 -1 4 4 2 4",24,1,128
58,1,"1 2 3 -2 -3 4 4 4 4 4 -1 4",48,1,-256
59,1,"1 2 2 4 4 4 4 -2 -1 -2 4 4",24,1,512
60,1,"1 2 4 2 -1 4 4 4 4 -2 4 -2",24,1,-256
61,1,"1 2 4 -1 2 4 4 4 4 -2 4 -2",24,1,256
62,1,"1 2 4 2 4 4 -2 -1 4 4 4 -2",24,1,256
63,1,"1 2 4 -2 4 -1 4 2 4 4 -2 4",24,1,128
64,1,"1 2 3 -2 4 -1 -3 4 4 4 4 4",48,1,-256
65,1,"1 2 4 4 4 2 -1 4 -2 4 -2 4",24,1,0
66,1,"1 2 -1 4 4 3 4 4 4 -3 -2 4",48,1,0
67,1,"1 2 -4 -2 4 4 -1 4 4 4 4 4",24,1,-512
68,1,"1 2 4 -1 4 -2 4 2 4 4 -2 4",24,1,128
69,1,"1 2 4 -2 -2 4 4 -1 2 4 4 4",24,1,512
70,1,"1 2 4 4 -2 -1 2 4 4 4 4 -2",24,1,512
71,1,"1 2 3 -1 4 -2 -3 4 4 4 4 4",48,1,0
72,1,"1 4 4 2 -1 4 4 2 4 4 -2 -2",24,1,0
73,1,"1 2 3 4 -3 4 4 -2 4 4 -1 4",48,1,128
74,1,"1 2 3 4 4 4 -3 4 -2 -1 4 4",48,1,256
75,1,"1 2 4 3 4 -1 4 4 -2 4 -3 4",48,1,128
76,1,"1 2 4 -1 4 4 4 2 4 -2 4 -2",24,1,0
77,1,"1 2 4 -2 4 4 4 2 -1 4 -2 4",24,1,0
78,1,"1 2 3 -2 4 4 -3 4 -1 4 4 4",48,1,0
79,1,"1 2 3 4 4 -1 -3 -2 4 4 4 4",48,1,0
80,1,"1 1 4 -1 4 -1 4 4 1 4 -1 4",6,1,256
81,1,"1 2 4 -2 4 4 -2 4 2 4 -1 4",24,1,128
82,1,"1 2 -1 4 3 -2 4 -3 4 4 4 4",48,1,0
83,1,"1 2 4 4 -1 4 4 4 4 4 -2 -4",24,1,-512
84,1,"1 2 4 -2 -2 4 4 -1 4 4 4 2",24,1,512
85,1,"1 4 2 2 4 4 -2 -2 -1 4 4 4",24,1,512
86,1,"1 4 2 4 -2 -1 4 -2 4 4 2 4",24,1,128
87,1,"1 2 3 4 4 4 -3 -2 -1 4 4 4",24,1,512
88,1,"1 2 4 2 4 4 -1 -2 4 4 4 -2",24,1,-256
89,1,"1 2 4 4 4 4 4 -1 4 4 -2 -4",24,1,-512
90,1,"1 4 2 4 -2 -1 4 2 4 4 4 -2",24,1,256
91,1,"1 2 -1 4 -2 4 4 2 4 4 -2 4",24,1,0
92,1,"1 2 4 4 -1 4 4 -2 -2 4 2 4",24,1,256
93,1,"1 4 2 2 4 -2 -2 4 -1 4 4 4",24,1,512
94,1,"1 2 4 4 3 4 -3 4 -1 4 -2 4",48,1,128
95,1,"1 2 4 4 -2 -1 2 4 4 -2 4 4",24,1,256
96,1,"1 2 -1 4 -2 4 4 2 4 4 4 -2",24,1,-256
97,1,"1 2 3 -1 4 4 4 -3 4 4 4 -2",48,1,-256
98,1,"1 2 3 4 -3 4 4 -1 -2 4 4 4",48,1,0
99,1,"1 2 4 4 3 4 -1 -2 4 4 -3 4",24,1,0
100,1,"1 2 2 4 -1 -2 4 4 -2 4 4 4",24,1,0
101,1,"1 2 4 -2 -1 -2 4 4 2 4 4 4",24,1,256
102,1,"1 2 4 -2 -1 -2 4 4 4 4 4 2",24,1,512
103,1,"1 4 4 2 -1 4 4 -2 4 2 4 -2",24,1,0
104,1,"1 2 4 4 -2 4 2 4 -2 -1 4 4",24,1,256
105,1,"1 4 -1 4 4 4 4 4 2 4 -2 -4",24,1,0
106,1,"1 1 4 -1 4 -1 4 1 4 -1 4 4",6,1,256
107,1,"1 2 4 4 -2 4 -1 2 4 4 4 -2",24,1,256
108,1,"1 4 2 2 4 4 -1 4 -2 -2 4 4",12,1,512
109,1,"1 2 3 4 4 -3 -1 4 4 -2 4 4",48,1,256
110,1,"1 2 4 -2 4 -1 4 4 2 4 4 -2",24,1,0
111,1,"1 4 2 -1 4 4 -2 4 2 4 -2 4",24,1,128
112,1,"1 2 4 4 4 -2 4 2 -1 4 4 -2",24,1,-256
113,1,"1 2 4 -1 4 -2 4 -2 4 4 4 2",24,1,256
114,1,"1 4 2 4 4 2 -1 4 -2 4 4 -2",12,1,0
115,1,"1 2 4 4 -2 -2 4 -1 4 4 4 2",24,1,512
116,1,"1 2 3 -1 4 4 -2 -3 4 4 4 4",48,1,0
117,1,"1 2 4 -1 -2 4 2 4 4 -2 4 4",24,1,0
118,1,"1 2 4 -2 4 4 -2 -1 4 4 2 4",24,1,256
119,1,"1 2 4 3 -1 4 4 -3 -2 4 4 4",48,1,0
120,1,"1 2 4 -2 4 -1 3 4 4 -3 4 4",48,1,128
121,1,"1 2 4 -1 2 4 4 4 4 -2 -2 4",24,1,512
122,1,"1 2 4 -1 4 -2 3 4 4 -3 4 4",48,1,128
123,1,"1 2 3 4 4 -1 4 4 4 -2 -3 4",48,1,0
124,1,"1 2 4 4 3 -2 4 4 -3 -1 4 4",48,1,256
125,1,"1 2 4 -2 4 4 3 4 -1 -3 4 4",48,1,128
126,1,"1 4 1 4 -1 4 4 4 4 4 -1 -4",6,1,-512
127,1,"1 4 2 4 4 -2 -1 4 -2 4 4 2",12,1,0
128,1,"1 2 3 -1 4 4 -3 4 4 4 -2 4",48,1,0
129,1,"1 2 2 -1 4 4 4 4 -2 4 4 -2",24,1,-512
130,1,"1 2 4 3 -1 4 4 -2 4 -3 4 4",48,1,128
131,1,"1 2 4 -2 4 3 4 -3 -1 4 4 4",48,1,128
132,1,"1 2 4 3 4 -3 -2 4 -1 4 4 4",48,1,128
133,1,"1 2 -1 4 3 4 4 -3 4 4 -2 4",48,1,0
134,1,"1 4 1 4 4 4 4 -1 4 4 -1 -4",6,1,-512
135,1,"1 1 4 1 4 4 -1 4 4 -1 -1 4",6,1,512
136,1,"1 2 4 -2 4 -1 4 -2 4 4 2 4",24,1,128
137,1,"1 2 4 4 -2 -2 4 -1 2 4 4 4",24,1,512
138,1,"1 2 -1 4 -2 4 3 4 4 -3 4 4",48,1,0
139,1,"1 2 2 4 -1 4 4 4 4 -2 -2 4",24,1,512
140,1,"1 2 3 4 4 -2 4 -3 4 4 -1 4",48,1,128
141,1,"1 2 2 4 4 4 4 4 -2 -1 -2 4",24,1,512
142,1,"1 2 4 -1 4 -2 4 -2 4 4 2 4",24,1,128
143,1,"1 2 4 4 2 -1 4 4 -2 4 -2 4",24,1,0
144,1,"1 4 2 4 -2 4 -1 4 -2 4 2 4",12,1,128
145,1,"1 2 -1 4 -2 3 4 -3 4 4 4 4",48,1,0
146,1,"1 2 4 -2 4 4 4 -2 -1 4 2 4",24,1,256
147,1,"1 4 2 2 4 4 4 -1 4 -2 4 -2",24,1,256
148,1,"1 2 4 4 -1 2 4 4 4 -2 -2 4",24,1,512
149,1,"1 2 4 4 2 4 -2 -2 -1 4 4 4",24,1,512
150,1,"1 2 4 3 -2 4 4 -1 -3 4 4 4",48,1,0
151,1,"1 4 2 4 -2 4 4 4 4 4 -1 -4",24,1,-512
152,1,"1 2 2 -1 4 -2 4 4 4 4 4 -2",24,1,-512
153,1,"1 2 4 -2 4 -2 4 4 4 -1 4 2",24,1,256
154,1,"1 4 2 4 -2 -1 4 4 4 -2 4 2",24,1,0
155,1,"1 2 4 4 -1 4 -2 -2 4 4 4 2",24,1,512
156,1,"1 2 4 -1 4 2 4 -2 4 4 4 -2",24,1,0
157,1,"1 1 4 -1 -1 4 1 4 4 -1 4 4",6,1,512
158,1,"1 2 -1 4 -2 4 4 -2 4 4 2 4",24,1,0
159,1,"1 4 2 4 2 4 -2 -1 4 -2 4 4",24,1,128
160,1,"1 2 3 -2 4 4 4 4 -3 -1 4 4",48,1,256
161,1,"1 2 3 -2 4 -3 4 -1 4 4 4 4",48,1,0
162,1,"1 2 3 4 -1 4 4 -3 4 -2 4 4",48,1,128
163,1,"1 2 4 4 -2 -4 -1 4 4 4 4 4",24,1,512
164,1,"1 2 2 4 -2 -1 4 4 -2 4 4 4",24,1,512
165,1,"1 2 2 4 4 -2 4 4 4 -1 -2 4",24,1,0
166,1,"1 2 4 -1 4 4 4 4 2 4 -2 -2",24,1,0
167,1,"1 2 4 4 4 2 4 -1 4 4 -2 -2",24,1,0
168,1,"1 2 -1 4 4 4 -2 -2 4 2 4 4",24,1,0
169,1,"1 2 2 4 -2 -2 -1 4 4 4 4 4",24,1,1024
170,1,"1 2 3 4 4 4 -1 -3 4 4 4 -2",48,1,-256
171,1,"1 4 2 2 4 4 -2 -1 4 4 4 -2",24,1,512
172,1,"1 4 4 2 4 -1 4 4 2 4 -2 -2",24,1,256
173,1,"1 4 2 4 -1 4 4 4 2 4 -2 -2",24,1,256
174,1,"1 4 2 4 -2 -1 4 2 4 -2 4 4",24,1,128
175,1,"1 4 1 -4 -1 4 4 4 4 -1 4 4",6,1,-512
176,1,"1 4 -1 -4 2 4 4 4 4 -2 4 4",24,1,0
177,1,"1 2 3 4 4 -2 4 -1 4 -3 4 4",48,1,128
178,1,"1 2 4 2 4 -2 -2 -1 4 4 4 4",24,1,512
179,1,"1 2 4 -1 4 3 4 -3 4 4 -2 4",48,1,128
180,1,"1 2 2 4 4 4 4 -2 -2 4 -1 4",24,1,512
181,1,"1 2 4 4 4 4 -2 -2 4 2 -1 4",24,1,0
182,1,"1 2 4 4 -2 3 4 4 -3 -1 4 4",16,1,0
183,1,"1 4 2 2 4 4 -2 4 -1 4 -2 4",24,1,256
184,1,"1 2 3 -1 4 4 4 4 4 4 -3 -2",48,1,-512
185,1,"1 4 4 -1 4 4 4 2 4 4 -2 -4",24,1,0
186,1,"1 2 2 4 4 4 4 -1 4 4 -2 -2",24,1,0
187,1,"1 4 2 4 2 -1 4 -2 4 4 -2 4",24,1,128
188,1,"1 2 4 -1 3 4 4 -2 -3 4 4 4",48,1,0
189,1,"1 4 1 4 4 4 4 4 -1 -4 -1 4",6,1,512
190,1,"1 2 -1 -2 4 4 4 4 4 2 4 -2",24,1,-512
191,1,"1 2 4 4 4 2 -1 4 -2 -2 4 4",24,1,0
192,1,"1 4 4 2 4 2 -1 4 4 4 -2 -2",24,1,0
193,1,"1 2 2 -1 -2 4 4 -2 4 4 4 4",24,1,-512
194,1,"1 4 2 -1 4 -2 4 4 -2 4 2 4",24,1,128
195,1,"1 2 3 -1 -2 -3 4 4 4 4 4 4",48,1,-512
196,1,"1 2 4 3 4 4 -2 4 -3 4 -1 4",48,1,128
197,1,"1 2 3 4 -1 -3 4 -2 4 4 4 4",48,1,0
198,1,"1 2 4 -2 3 4 4 -3 4 -1 4 4",48,1,128
199,1,"1 2 4 -2 4 -1 3 4 4 4 -3 4",48,1,128
200,1,"1 4 -1 4 4 4 4 -1 4 4 1 -4",6,1,512
201,1,"1 4 -1 4 4 4 2 -4 -2 4 4 4",24,1,-512
202,1,"1 1 4 -1 -1 4 4 1 4 4 -1 4",6,1,512
203,1,"1 2 4 2 4 -1 4 -2 4 -2 4 4",24,1,128
204,1,"1 2 4 -2 4 4 -1 4 4 2 4 -2",24,1,0
205,1,"1 2 3 4 -1 -2 4 4 4 -3 4 4",48,1,0
206,1,"1 2 4 2 -1 4 -2 4 4 -2 4 4",24,1,0
207,1,"1 2 3 4 -2 -1 4 4 4 -3 4 4",48,1,256
208,1,"1 2 4 3 -2 4 -1 4 4 -3 4 4",48,1,128
209,1,"1 2 4 -1 4 -2 3 4 4 4 -3 4",48,1,128
210,1,"1 2 4 4 -2 -2 4 2 -1 4 4 4",24,1,0
211,1,"1 2 4 4 4 4 4 4 -2 4 -1 -4",24,1,-512
212,1,"1 2 -4 -2 4 -1 4 4 4 4 4 4",24,1,-512
213,1,"1 2 4 -1 4 4 4 4 -2 -2 4 2",24,1,512
214,1,"1 2 4 -2 4 -2 -1 4 4 4 2 4",24,1,256
215,1,"1 2 4 -2 4 4 3 4 -1 4 -3 4",48,1,128
216,1,"1 4 -1 4 4 2 -4 -2 4 4 4 4",24,1,-512
217,1,"1 2 -1 2 4 4 4 4 4 -2 -2 4",24,1,512
218,1,"1 2 4 -2 -2 4 -1 4 2 4 4 4",24,1,256
219,1,"1 2 3 4 -2 4 4 4 -1 -3 4 4",48,1,0
220,1,"1 2 4 3 -1 4 4 -2 4 4 -3 4",48,1,128
221,1,"1 2 4 4 4 -2 -2 4 2 -1 4 4",24,1,0
222,1,"1 1 -4 -1 4 4 4 4 4 -1 4 4",6,1,-1024
223,1,"1 2 4 -2 -2 4 -1 4 4 4 4 2",24,1,512
224,1,"1 4 2 2 4 4 -1 4 4 4 -2 -2",24,1,512
225,1,"1 4 2 4 -2 4 -1 4 2 4 4 -2",24,1,128
226,1,"1 2 4 3 4 -3 4 4 -2 4 -1 4",48,1,128
227,1,"1 2 4 4 -2 4 4 4 -2 -1 4 2",24,1,256
228,1,"1 2 4 -1 3 4 -3 4 -2 4 4 4",48,1,128
229,1,"1 2 2 4 4 4 -2 4 -1 4 4 -2",24,1,0
230,1,"1 2 -1 4 -2 4 3 4 4 4 -3 4",48,1,0
231,1,"1 2 4 4 -1 4 3 4 -3 4 -2 4",48,1,128
232,1,"1 2 4 -2 4 4 2 -1 4 4 4 -2",24,1,-256
233,1,"1 2 -1 4 4 4 3 4 -3 -2 4 4",48,1,0
234,1,"1 4 -1 4 4 4 4 2 -4 -2 4 4",24,1,-512
235,1,"1 2 -1 4 4 3 -2 4 4 -3 4 4",48,1,0
236,1,"1 2 -1 4 4 4 4 3 4 -2 -3 4",48,1,0
237,1,"1 2 -1 4 4 4 -2 4 -2 4 2 4",24,1,0
238,1,"1 2 2 4 4 4 4 4 -1 -2 4 -2",24,1,-512
239,1,"1 2 3 4 4 4 4 -1 4 -3 -2 4",48,1,256
240,1,"1 4 -1 4 4 4 4 -1 -4 1 4 4",6,1,-512
241,1,"1 2 -1 -2 4 -2 4 2 4 4 4 4",24,1,-256
242,1,"1 2 -1 4 -2 -2 4 2 4 4 4 4",24,1,0
243,1,"1 2 4 4 -1 4 -2 4 4 -2 4 2",24,1,256
244,1,"1 2 4 3 4 4 -3 -2 4 4 -1 4",48,1,128
245,1,"1 2 2 4 4 -1 4 -2 -2 4 4 4",24,1,512
246,1,"1 2 4 4 4 2 4 -2 -2 -1 4 4",24,1,512
247,1,"1 4 2 2 4 -1 4 4 -2 -2 4 4",24,1,512
248,1,"1 4 4 2 2 -1 4 4 4 -2 -2 4",24,1,512
249,1,"1 2 4 -2 -1 4 4 4 3 4 -3 4",48,1,256
250,1,"1 2 4 -1 4 2 4 -2 4 -2 4 4",24,1,128
251,1,"1 2 -1 4 3 -2 -3 4 4 4 4 4",48,1,0
252,1,"1 2 4 -2 4 4 -1 -2 4 2 4 4",12,1,0
253,1,"1 2 4 -1 -2 4 4 4 3 4 -3 4",48,1,0
254,1,"1 2 4 4 -2 4 -2 -1 2 4 4 4",24,1,256
255,1,"1 2 4 -2 -2 4 2 4 -1 4 4 4",24,1,256
256,1,"1 4 2 4 4 -2 4 -2 -1 4 4 2",24,1,0
257,1,"1 2 3 4 -1 4 4 4 4 -3 -2 4",48,1,256
258,1,"1 1 4 -1 4 1 4 -1 -1 4 4 4",6,1,512
259,1,"1 1 4 1 4 -1 4 4 -1 -1 4 4",6,1,512
260,1,"1 2 -1 4 4 4 4 -2 -2 4 4 2",24,1,512
261,1,"1 4 -1 4 4 2 2 4 -2 4 -2 4",24,1,256
262,1,"1 2 4 4 2 4 -2 4 4 -1 4 -2",24,1,0
263,1,"1 4 2 4 2 -1 4 4 4 -2 4 -2",24,1,0
264,1,"1 2 3 4 4 -2 4 -1 4 4 -3 4",48,1,128
265,1,"1 2 4 3 4 -2 4 -3 -1 4 4 4",48,1,128
266,1,"1 2 4 2 -1 -2 4 4 4 4 4 -2",24,1,-512
267,1,"1 2 4 -2 -1 4 4 4 4 -2 4 2",24,1,256
268,1,"1 2 4 -2 4 4 -2 4 -1 4 4 2",24,1,256
269,1,"1 2 4 3 4 -3 4 -2 4 -1 4 4",48,1,128
270,1,"1 2 4 -1 -2 4 4 4 4 -2 4 2",24,1,256
271,1,"1 2 4 2 4 4 4 -1 4 -2 -2 4",24,1,256
272,1,"1 4 2 4 2 4 4 -1 4 4 -2 -2",24,1,256
273,1,"1 2 3 -1 4 4 -3 4 4 4 4 -2",48,1,-256
274,1,"1 2 -1 4 2 4 4 4 4 -2 4 -2",24,1,-256
275,1,"1 2 -1 4 4 -2 -2 4 2 4 4 4",24,1,0
276,1,"1 2 3 4 -3 -2 4 4 -1 4 4 4",48,1,256
277,1,"1 2 3 4 4 -3 4 4 4 -2 -1 4",48,1,256
278,1,"1 4 2 4 -2 4 -2 -1 4 2 4 4",24,1,128
279,1,"1 2 3 4 -2 -3 -1 4 4 4 4 4",48,1,256
280,1,"1 1 4 4 4 4 -1 -4 -1 4 4 4",6,1,1024
281,1,"1 2 4 2 4 -2 -1 4 4 -2 4 4",24,1,256
282,1,"1 2 4 -1 4 -2 4 2 4 4 4 -2",24,1,0
283,1,"1 2 4 -1 4 4 4 -2 4 -2 4 2",24,1,256
284,1,"1 4 1 4 4 -1 -4 -1 4 4 4 4",6,1,512
285,1,"1 2 -1 4 4 4 4 2 4 -2 4 -2",24,1,-256
286,1,"1 2 4 4 2 4 -1 4 4 -2 4 -2",24,1,0
287,1,"1 2 4 2 4 -1 4 4 4 -2 4 -2",24,1,0
288,1,"1 2 4 2 4 -1 4 4 -2 4 -2 4",24,1,128
289,1,"1 2 4 4 -2 -2 4 4 -1 4 2 4",24,1,256
290,1,"1 4 4 -1 4 4 4 1 4 4 -1 -4",6,1,-512
291,1,"1 2 2 4 4 4 -1 4 -2 4 -2 4",24,1,256
292,1,"1 2 4 -2 4 -2 -1 2 4 4 4 4",24,1,256
293,1,"1 4 -1 4 4 2 2 4 4 -2 -2 4",24,1,512
294,1,"1 2 -1 4 2 4 4 -2 4 -2 4 4",24,1,0
295,1,"1 2 3 4 -1 -2 4 4 4 4 -3 4",48,1,0
296,1,"1 2 4 3 -1 4 -3 4 -2 4 4 4",48,1,128
297,1,"1 2 4 3 -2 4 -1 4 4 4 -3 4",48,1,128
298,1,"1 2 3 4 -2 -1 4 4 4 4 -3 4",48,1,256
299,1,"1 2 4 3 4 4 -1 4 -3 -2 4 4",48,1,128
300,1,"1 2 4 -2 4 -1 4 3 4 -3 4 4",48,1,128
301,1,"1 4 2 4 -1 -4 -2 4 4 4 4 4",24,1,0
302,1,"1 2 -1 -2 4 4 4 2 4 4 -2 4",24,1,-256
303,1,"1 2 4 4 4 -2 -2 4 4 -1 4 2",24,1,512
304,1,"1 2 3 4 4 -1 4 4 -3 -2 4 4",48,1,256
305,1,"1 2 -1 4 3 4 -2 -3 4 4 4 4",48,1,0
306,1,"1 2 -1 2 4 -2 4 -2 4 4 4 4",24,1,256
307,1,"1 2 4 -1 4 -2 4 3 4 -3 4 4",48,1,128
308,1,"1 2 -4 -1 4 4 4 4 -2 4 4 4",24,1,-512
309,1,"1 2 2 4 4 4 -2 -1 -2 4 4 4",24,1,512
310,1,"1 2 3 4 -2 4 4 4 -1 4 -3 4",48,1,128
311,1,"1 4 4 1 -4 -1 4 4 4 -1 4 4",6,1,-512
312,1,"1 4 2 4 4 -2 4 2 4 -2 -1 4",24,1,128
313,1,"1 4 2 4 -1 4 4 -2 4 2 4 -2",24,1,128
314,1,"1 2 -1 4 3 4 -3 4 4 4 -2 4",48,1,0
315,1,"1 2 4 4 -2 -1 -2 4 4 4 2 4",24,1,256
316,1,"1 4 2 4 4 4 -1 -4 -2 4 4 4",24,1,0
317,1,"1 2 -1 4 -2 -2 4 4 4 4 2 4",24,1,0
318,1,"1 2 -1 4 4 -2 4 -2 4 4 4 2",24,1,256
319,1,"1 2 2 4 4 -2 -1 4 4 4 -2 4",24,1,512
320,1,"1 2 -1 4 -2 4 4 3 4 -3 4 4",48,1,0
321,1,"1 4 2 -1 4 -2 4 4 2 4 -2 4",24,1,128
322,1,"1 4 2 4 -2 4 2 -1 4 4 -2 4",24,1,128
323,1,"1 2 3 4 4 -2 -3 4 4 4 -1 4",48,1,0
324,1,"1 2 3 4 4 4 -3 -1 4 -2 4 4",48,1,256
325,1,"1 2 4 -2 4 2 -1 4 4 -2 4 4",24,1,0
326,1,"1 2 3 4 -3 -1 4 4 4 4 -2 4",48,1,256
327,1,"1 2 -1 4 4 3 -2 4 4 4 -3 4",48,1,0
328,1,"1 2 4 3 4 -1 4 -3 4 4 -2 4",48,1,128
329,1,"1 1 1 4 4 -1 -1 4 4 4 -1 4",6,1,1024
330,1,"1 2 4 4 4 -2 -1 -2 4 4 4 2",12,1,512
331,1,"1 2 4 2 4 -2 4 4 4 -1 4 -2",24,1,0
332,1,"1 2 3 4 -3 4 4 4 -1 4 -2 4",48,1,128
333,1,"1 2 4 -1 4 4 4 -2 4 2 4 -2",24,1,0
334,1,"1 2 -1 4 4 3 4 4 -3 4 -2 4",48,1,0
335,1,"1 1 1 4 4 4 -1 4 -1 4 -1 4",6,1,512
336,1,"1 1 4 1 4 -1 4 -1 4 4 -1 4",6,1,256
337,1,"1 2 4 -1 4 2 4 4 -2 4 -2 4",24,1,128
338,1,"1 4 2 4 -2 4 2 4 4 -2 -1 4",24,1,128
339,1,"1 2 2 4 4 -2 4 -1 4 -2 4 4",24,1,256
340,1,"1 2 4 4 -2 4 -1 4 3 4 -3 4",48,1,128
341,1,"1 2 4 -2 -2 4 4 4 -1 2 4 4",24,1,512
342,1,"1 2 4 4 -2 4 2 4 -1 4 4 -2",24,1,0
343,1,"1 4 2 4 -1 4 -2 4 2 4 4 -2",24,1,128
344,1,"1 2 2 4 4 -1 -2 4 4 4 -2 4",24,1,0
345,1,"1 4 2 2 4 -1 4 -2 4 4 4 -2",24,1,256
346,1,"1 2 4 4 4 4 4 -2 -4 -1 4 4",24,1,512
347,1,"1 2 -1 4 4 2 4 4 4 4 -2 -2",24,1,-512
348,1,"1 2 4 4 -2 -2 4 4 4 2 -1 4",24,1,0
349,1,"1 4 2 2 4 -2 -1 4 -2 4 4 4",24,1,256
350,1,"1 2 3 4 4 4 4 -3 4 4 -1 -2",48,1,-256
351,1,"1 2 3 4 -1 4 -3 4 4 -2 4 4",48,1,128
352,1,"1 2 4 4 3 4 -2 4 -3 -1 4 4",48,1,128
353,1,"1 2 4 4 3 4 -3 4 -2 4 -1 4",48,1,128
354,1,"1 2 -1 4 4 -2 4 4 2 4 -2 4",24,1,0
355,1,"1 2 -1 -2 4 4 3 4 4 -3 4 4",48,1,-256
356,1,"1 2 -1 -4 -2 4 4 4 4 4 4 4",24,1,-1024
357,1,"1 2 -1 4 4 -2 -2 4 4 4 4 2",24,1,512
358,1,"1 2 2 4 4 4 -2 4 -2 4 -1 4",24,1,256
359,1,"1 2 -1 -2 4 3 4 -3 4 4 4 4",48,1,-256
360,1,"1 2 4 4 -1 2 4 4 4 -2 4 -2",24,1,256
361,1,"1 4 2 4 -2 4 4 2 -1 4 4 -2",24,1,0
362,1,"1 2 -1 4 4 4 3 -2 4 -3 4 4",48,1,0
363,1,"1 2 4 -1 4 4 -2 4 2 4 4 -2",24,1,0
364,1,"1 4 2 4 -2 -1 4 4 2 4 -2 4",24,1,128
365,1,"1 2 -1 4 4 2 4 4 -2 -2 4 4",24,1,0
366,1,"1 4 2 4 4 2 4 -2 -2 4 -1 4",24,1,256
367,1,"1 2 4 3 4 -2 4 4 4 -1 -3 4",48,1,128
368,1,"1 2 3 4 4 4 -2 -3 4 4 -1 4",48,1,0
369,1,"1 2 4 4 4 4 4 -1 -4 -2 4 4",24,1,-512
370,1,"1 2 -1 2 4 4 -2 4 4 4 -2 4",24,1,256
371,1,"1 2 -1 4 4 2 4 -2 4 4 4 -2",24,1,-256
372,1,"1 4 2 2 4 4 -2 -2 4 4 -1 4",24,1,512
373,1,"1 2 -1 -2 4 4 4 -2 4 4 2 4",24,1,-256
374,1,"1 2 2 -1 -2 4 4 4 4 4 4 -2",24,1,-1024
375,1,"1 4 2 4 4 -2 4 4 4 4 -1 -4",24,1,-512
376,1,"1 4 4 2 4 4 4 -1 4 4 -2 -4",24,1,0
377,1,"1 2 -1 4 2 4 4 4 -2 4 -2 4",24,1,0
378,1,"1 1 4 4 1 4 -1 4 -1 -1 4 4",6,1,512
379,1,"1 2 2 4 4 -2 -2 4 4 4 -1 4",24,1,512
380,1,"1 2 4 4 4 2 -1 -2 4 4 4 -2",12,1,-512
381,1,"1 2 3 -1 -3 4 4 4 -2 4 4 4",48,1,-256
382,1,"1 2 4 3 -2 4 4 4 4 -3 -1 4",48,1,256
383,1,"1 2 4 -2 3 4 -3 4 4 -1 4 4",48,1,128
384,1,"1 2 4 -2 4 -1 3 4 -3 4 4 4",48,1,128
385,1,"1 2 3 -1 4 4 4 -3 4 -2 4 4",48,1,0
386,1,"1 2 3 4 4 4 4 -1 4 -3 4 -2",48,1,0
387,1,"1 2 4 -2 4 -1 4 3 4 4 -3 4",48,1,128
388,1,"1 2 4 4 3 -1 4 4 -3 -2 4 4",48,1,0
389,1,"1 2 2 4 -2 4 4 4 4 -1 -2 4",24,1,0
390,1,"1 2 4 -2 4 4 4 4 4 4 -1 -4",24,1,-512
391,1,"1 2 -1 4 4 4 4 2 4 -2 -2 4",24,1,0
392,1,"1 2 2 4 4 -2 4 4 4 -2 -1 4",24,1,512
393,1,"1 2 4 4 2 4 -1 4 4 -2 -2 4",24,1,256
394,1,"1 2 4 -1 4 -2 4 3 4 4 -3 4",48,1,128
395,1,"1 2 4 4 -2 -1 4 4 -2 4 4 2",24,1,256
396,1,"1 4 2 2 4 -2 4 -1 4 4 4 -2",24,1,256
397,1,"1 2 2 4 -1 4 4 -2 -2 4 4 4",24,1,512
398,1,"1 2 4 4 -1 4 4 4 2 4 -2 -2",24,1,0
399,1,"1 2 4 -1 4 -2 3 4 -3 4 4 4",48,1,128
400,1,"1 2 4 -2 4 4 2 4 4 -2 -1 4",24,1,256
401,1,"1 2 4 3 -1 4 4 -2 -3 4 4 4",48,1,256
402,1,"1 4 2 2 4 -2 4 -2 -1 4 4 4",24,1,256
403,1,"1 2 4 -2 4 3 4 4 -3 -1 4 4",48,1,128
404,1,"1 4 2 -1 4 -2 4 4 2 4 4 -2",24,1,0
405,1,"1 2 3 4 4 -3 4 4 4 -1 -2 4",48,1,0
406,1,"1 2 3 4 4 4 -2 -1 4 -3 4 4",48,1,256
407,1,"1 2 4 3 4 -3 4 4 -1 -2 4 4",48,1,0
408,1,"1 2 3 -1 -3 -2 4 4 4 4 4 4",48,1,-512
409,1,"1 2 -1 4 -2 4 3 4 -3 4 4 4",48,1,0
410,1,"1 2 -1 4 -2 4 4 3 4 4 -3 4",48,1,0
411,1,"1 2 4 -2 -1 4 4 2 4 4 4 -2",24,1,256
412,1,"1 4 2 2 4 -2 4 4 -1 4 -2 4",24,1,256
413,1,"1 2 3 4 -1 4 4 4 4 -3 4 -2",48,1,0
414,1,"1 2 4 3 -2 4 4 -3 4 -1 4 4",48,1,128
415,1,"1 2 3 4 4 -1 4 -3 -2 4 4 4",48,1,256
416,1,"1 4 -1 4 4 4 4 2 4 4 -2 -4",24,1,0
417,1,"1 1 -4 -1 4 4 -1 4 4 4 4 4",6,1,-1024
418,1,"1 2 3 4 -3 4 -1 4 -2 4 4 4",48,1,128
419,1,"1 2 4 -2 4 -2 4 4 2 -1 4 4",24,1,0
420,1,"1 2 2 4 -1 -2 4 -2 4 4 4 4",24,1,0
421,1,"1 2 3 -1 4 -3 4 -2 4 4 4 4",48,1,0
422,1,"1 2 3 -2 4 -1 4 4 4 -3 4 4",48,1,0
423,1,"1 2 2 4 4 -1 4 4 -2 4 4 -2",24,1,0
424,1,"1 2 4 -2 -2 -1 4 4 4 4 2 4",24,1,512
425,1,"1 2 -1 4 2 4 -2 -2 4 4 4 4",24,1,0
426,1,"1 4 2 2 4 4 4 4 -2 -2 -1 4",24,1,512
427,1,"1 2 3 -1 4 -2 4 4 4 -3 4 4",48,1,0
428,1,"1 2 4 3 4 4 -1 -2 4 -3 4 4",24,1,0
429,1,"1 2 4 -2 -1 4 -2 4 2 4 4 4",24,1,256
430,1,"1 2 3 -2 4 4 4 4 -1 -3 4 4",48,1,-256
431,1,"1 2 3 4 4 -1 4 -2 4 -3 4 4",48,1,128
432,1,"1 2 3 4 -1 4 -2 4 4 -3 4 4",48,1,128
433,1,"1 2 4 -2 -1 4 2 4 -2 4 4 4",24,1,256
434,1,"1 2 4 4 2 -1 -2 4 4 4 4 -2",24,1,-512
435,1,"1 2 4 4 -2 -2 4 -1 4 4 2 4",24,1,256
436,1,"1 2 4 4 -2 4 2 4 -1 4 -2 4",24,1,128
437,1,"1 4 2 2 -1 4 4 -2 4 4 -2 4",24,1,256
438,1,"1 2 4 2 -1 4 4 -2 4 4 -2 4",24,1,0
439,1,"1 4 2 -1 4 -2 4 -2 4 4 4 2",24,1,256
440,1,"1 2 -1 -2 4 4 3 4 4 4 -3 4",48,1,-256
441,1,"1 2 4 -2 3 4 4 4 -3 4 -1 4",48,1,128
442,1,"1 2 4 2 4 4 -1 4 4 4 -2 -2",24,1,0
443,1,"1 2 4 4 2 4 -2 -2 4 4 -1 4",24,1,256
444,1,"1 2 4 4 -2 4 4 2 4 -2 -1 4",24,1,256
445,1,"1 4 2 4 -2 4 -1 4 2 4 -2 4",12,1,128
446,1,"1 4 -1 4 4 2 4 -2 -2 4 4 2",24,1,256
447,1,"1 1 4 4 4 4 -1 4 4 4 -1 -4",6,1,-1024
448,1,"1 2 4 4 4 -2 -2 4 -1 4 4 2",24,1,512
449,1,"1 2 4 -1 4 4 3 4 -3 4 -2 4",48,1,128
450,1,"1 2 4 -2 -2 -1 4 2 4 4 4 4",24,1,512
451,1,"1 4 2 -1 4 4 -2 4 4 2 4 -2",24,1,0
452,1,"1 2 3 4 4 -2 4 -1 -3 4 4 4",48,1,0
453,1,"1 2 -1 4 4 4 3 -2 4 4 -3 4",48,1,0
454,1,"1 1 4 -1 4 -1 4 -1 4 4 1 4",6,1,256
455,1,"1 1 4 4 1 4 -1 -1 4 4 -1 4",3,1,512
456,1,"1 2 -1 2 4 4 4 4 -2 4 4 -2",24,1,0
457,1,"1 4 2 4 -2 -2 4 4 2 4 -1 4",24,1,256
458,1,"1 2 2 -1 4 4 4 -2 4 4 4 -2",24,1,-512
459,1,"1 2 3 4 -2 -3 4 4 4 4 -1 4",48,1,0
460,1,"1 2 4 3 4 -2 -3 4 -1 4 4 4",48,1,128
461,1,"1 2 4 -1 3 4 4 4 -2 -3 4 4",48,1,0
462,1,"1 2 4 2 4 -1 -2 4 -2 4 4 4",24,1,0
463,1,"1 2 4 2 4 -2 4 4 4 -2 -1 4",24,1,256
464,1,"1 4 4 2 2 4 -2 -1 4 4 -2 4",24,1,256
465,1,"1 2 3 4 4 4 -1 -3 4 -2 4 4",48,1,0
466,1,"1 2 2 4 4 4 4 -2 4 -1 -2 4",24,1,0
467,1,"1 2 4 -1 4 4 2 4 -2 -2 4 4",24,1,256
468,1,"1 4 2 -1 4 4 4 -2 -2 4 4 2",24,1,512
469,1,"1 1 4 -1 4 4 4 4 4 4 -1 -4",6,1,-1024
470,1,"1 2 4 -2 4 4 4 2 4 -1 4 -2",24,1,0
471,1,"1 2 4 4 2 -1 4 -2 -2 4 4 4",24,1,0
472,1,"1 2 4 4 2 4 -2 -1 -2 4 4 4",24,1,256
473,1,"1 2 3 4 -3 -1 4 4 4 4 4 -2",48,1,256
474,1,"1 2 4 4 -1 4 2 4 -2 4 4 -2",24,1,0
475,1,"1 2 4 2 4 -2 -2 4 4 -1 4 4",24,1,256
476,1,"1 2 3 4 -1 -2 4 4 -3 4 4 4",48,1,0
477,1,"1 2 4 3 -2 4 -1 4 -3 4 4 4",48,1,128
478,1,"1 2 4 4 3 -2 4 4 -1 4 -3 4",48,1,128
479,1,"1 2 -1 2 4 -2 4 4 4 4 4 -2",24,1,0
480,1,"1 2 3 4 -2 -1 4 4 -3 4 4 4",48,1,256
481,1,"1 2 3 4 -3 4 4 4 -1 4 4 -2",48,1,0
482,1,"1 2 3 -1 4 4 4 4 4 -3 -2 4",48,1,0
483,1,"1 1 4 -1 -1 4 4 4 -1 4 1 4",6,1,512
484,1,"1 2 -1 4 -2 4 4 4 4 -2 4 2",24,1,256
485,1,"1 2 -1 4 4 4 4 -2 -2 4 2 4",24,1,0
486,1,"1 2 2 4 -1 4 -2 4 4 4 -2 4",24,1,256
487,1,"1 2 4 2 -1 4 4 4 -2 -2 4 4",24,1,0
488,1,"1 2 3 -2 4 -3 -1 4 4 4 4 4",48,1,256
489,1,"1 2 3 4 -3 -1 -2 4 4 4 4 4",48,1,256
490,1,"1 2 2 4 -2 -1 4 -2 4 4 4 4",24,1,512
491,1,"1 2 4 4 2 4 4 -1 4 4 -2 -2",24,1,0
492,1,"1 2 4 4 -2 -1 2 4 4 4 -2 4",24,1,256
493,1,"1 4 2 4 2 4 4 -2 -2 -1 4 4",24,1,256
494,1,"1 2 -1 4 4 -2 4 2 4 4 4 -2",24,1,-256
495,1,"1 2 -1 4 4 4 4 -2 4 -2 4 2",24,1,256
496,1,"1 2 4 4 -2 4 -1 4 4 -2 4 2",24,1,256
497,1,"1 2 3 4 4 4 -2 -1 4 4 -3 4",48,1,256
498,1,"1 2 4 -2 4 -1 4 4 4 -2 4 2",24,1,256
499,1,"1 4 2 4 4 -2 -4 -1 4 4 4 4",24,1,0
500,1,"1 2 4 2 -1 4 4 4 -2 4 4 -2",24,1,-256
501,1,"1 2 3 4 -2 4 -3 -1 4 4 4 4",48,1,256
502,1,"1 2 3 4 -3 4 -2 4 -1 4 4 4",48,1,128
503,1,"1 2 3 4 4 -3 -1 -2 4 4 4 4",48,1,256
504,1,"1 2 4 -1 2 4 4 4 -2 4 4 -2",24,1,256
505,1,"1 4 2 2 4 -2 -2 4 4 -1 4 4",24,1,512
506,1,"1 2 -1 4 4 3 -2 4 -3 4 4 4",48,1,0
507,1,"1 2 4 3 4 -1 -3 4 4 4 -2 4",48,1,128
508,1,"1 1 1 4 -1 4 -1 -1 4 4 4 4",6,1,1024
509,1,"1 2 4 2 4 -2 -1 -2 4 4 4 4",24,1,256
510,1,"1 2 4 -2 4 -1 4 2 4 -2 4 4",24,1,128
511,1,"1 2 4 4 4 -2 -1 2 4 4 4 -2",12,1,512
512,1,"1 2 3 4 4 -2 -1 4 4 -3 4 4",48,1,256
513,1,"1 4 2 -4 -2 4 4 -1 4 4 4 4",24,1,-512
514,1,"1 2 4 -1 4 -2 4 2 4 -2 4 4",24,1,128
515,1,"1 2 3 4 4 4 4 -1 -3 4 -2 4",48,1,0
516,1,"1 2 -1 -2 4 2 4 4 -2 4 4 4",24,1,-256
517,1,"1 4 2 -1 4 4 2 4 4 -2 -2 4",24,1,256
518,1,"1 2 3 -2 4 -1 4 4 4 4 -3 4",48,1,0
519,1,"1 2 4 3 4 4 -3 4 -1 4 -2 4",48,1,128
520,1,"1 2 4 -1 2 4 4 -2 4 4 -2 4",24,1,256
521,1,"1 4 -1 4 4 4 4 1 4 4 -1 -4",6,1,-512
522,1,"1 2 3 -1 4 -2 4 4 4 4 -3 4",48,1,0
523,1,"1 4 2 4 -1 4 4 4 4 4 -2 -4",24,1,0
524,1,"1 2 4 3 4 4 -1 -2 4 4 -3 4",48,1,0
525,1,"1 2 -4 -2 4 4 4 4 4 -1 4 4",24,1,-512
526,1,"1 2 4 -1 -2 4 2 4 4 4 4 -2",24,1,-256
527,1,"1 2 4 4 -2 4 -2 -1 4 4 4 2",24,1,256
528,1,"1 4 2 -1 4 4 4 2 4 4 -2 -2",24,1,0
529,1,"1 4 2 2 4 4 -2 -2 4 -1 4 4",24,1,512
530,1,"1 2 4 -2 -2 4 4 4 2 4 -1 4",24,1,256
531,1,"1 2 4 4 4 2 4 4 -2 -2 -1 4",24,1,512
532,1,"1 4 2 2 4 4 4 -2 4 -2 -1 4",24,1,256
533,1,"1 4 4 2 2 4 -1 4 4 4 -2 -2",24,1,512
534,1,"1 2 3 -2 4 4 4 4 -1 4 -3 4",48,1,0
535,1,"1 2 3 4 -1 4 -2 4 4 4 -3 4",48,1,128
536,1,"1 2 3 4 4 -1 4 -2 4 4 -3 4",48,1,128
537,1,"1 4 2 4 4 4 4 -1 4 4 -2 -4",24,1,0
538,1,"1 2 -1 4 -2 4 4 2 4 -2 4 4",24,1,0
539,1,"1 2 3 4 4 4 -3 4 4 4 -1 -2",48,1,-256
540,1,"1 2 3 4 4 4 4 -2 -1 4 -3 4",48,1,256
541,1,"1 2 4 4 3 4 -3 4 -1 -2 4 4",48,1,0
542,1,"1 2 -1 2 4 -2 -2 4 4 4 4 4",24,1,512
543,1,"1 4 -1 4 4 4 2 2 4 4 -2 -2",24,1,512
544,1,"1 2 4 4 4 4 2 4 -2 -1 4 -2",24,1,256
545,1,"1 2 -1 -2 4 4 4 3 4 -3 4 4",48,1,-256
546,1,"1 2 4 2 -1 -2 4 4 4 4 -2 4",24,1,-256
547,1,"1 2 3 4 -1 4 4 4 -3 4 -2 4",48,1,128
548,1,"1 2 4 4 4 4 -2 -1 4 2 4 -2",24,1,256
549,1,"1 2 2 4 -2 4 -1 4 4 4 -2 4",24,1,256
550,1,"1 2 4 -1 3 4 4 4 -2 4 -3 4",48,1,128
551,1,"1 4 2 4 -2 4 2 -1 4 -2 4 4",24,1,128
552,1,"1 2 4 3 4 -2 4 4 -3 -1 4 4",48,1,128
553,1,"1 2 -1 4 2 4 -2 4 -2 4 4 4",24,1,0
554,1,"1 2 -1 4 4 4 4 -2 4 2 4 -2",24,1,-256
555,1,"1 2 2 4 -2 4 -2 -1 4 4 4 4",24,1,512
556,1,"1 2 4 -2 4 4 -1 4 3 4 -3 4",48,1,128
557,1,"1 4 2 2 -1 4 4 4 4 -2 4 -2",24,1,0
558,1,"1 2 3 4 4 -3 4 4 4 -1 4 -2",48,1,0
559,1,"1 2 4 -2 4 2 4 -1 4 4 4 -2",24,1,0
560,1,"1 2 4 -2 4 2 -1 -2 4 4 4 4",24,1,-256
561,1,"1 2 3 -2 -1 4 4 -3 4 4 4 4",48,1,0
562,1,"1 2 2 4 -2 4 4 -1 4 -2 4 4",24,1,256
563,1,"1 2 4 2 4 4 4 4 -2 -1 4 -2",24,1,256
564,1,"1 4 2 -1 4 2 4 -2 4 4 4 -2",24,1,0
565,1,"1 4 2 -1 4 -2 4 2 4 -2 4 4",24,1,128
566,1,"1 2 4 2 -1 -2 4 -2 4 4 4 4",24,1,-256
567,1,"1 2 3 -1 -2 4 4 -3 4 4 4 4",48,1,-256
568,1,"1 2 3 4 4 4 -1 4 4 -3 -2 4",48,1,256
569,1,"1 4 2 4 4 4 4 4 -2 -4 -1 4",24,1,0
570,1,"1 1 4 4 -1 4 -1 4 -1 4 1 4",6,1,256
571,1,"1 2 4 4 -2 -1 4 4 4 2 4 -2",24,1,256
572,1,"1 2 3 -1 4 4 -3 4 4 -2 4 4",48,1,0
573,1,"1 2 2 4 -1 4 4 4 -2 4 4 -2",24,1,0
574,1,"1 2 4 4 -1 -2 4 4 4 -2 4 2",24,1,256
575,1,"1 2 3 4 4 -3 -2 4 4 -1 4 4",48,1,256
576,1,"1 1 1 4 4 -1 4 -1 4 -1 4 4",6,1,512
577,1,"1 2 -1 4 4 4 -2 4 2 4 4 -2",24,1,-256
578,1,"1 2 -1 4 3 4 4 -3 4 -2 4 4",48,1,0
579,1,"1 2 -1 4 4 4 -2 4 2 4 -2 4",24,1,0
580,1,"1 4 2 2 -1 4 -2 4 4 4 4 -2",24,1,0
581,1,"1 4 2 4 -1 4 -2 4 4 -2 4 2",24,1,128
582,1,"1 4 2 2 4 4 -2 4 -2 -1 4 4",24,1,256
583,1,"1 4 2 4 -2 -1 4 2 4 4 -2 4",24,1,128
584,1,"1 2 2 -1 4 4 -2 4 4 -2 4 4",24,1,0
585,1,"1 2 4 -1 -2 4 -2 4 2 4 4 4",24,1,0
586,1,"1 2 4 4 2 4 -2 -2 4 -1 4 4",24,1,256
587,1,"1 2 4 3 4 4 -2 4 4 -1 -3 4",48,1,128
588,1,"1 4 -1 4 4 1 -4 -1 4 4 4 4",6,1,-512
589,1,"1 2 4 4 2 4 -1 -2 4 4 -2 4",12,1,0
590,1,"1 2 3 4 -3 4 4 4 -2 4 -1 4",48,1,128
591,1,"1 2 2 4 4 -1 4 4 4 4 -2 -2",24,1,0
592,1,"1 2 3 4 4 -2 -1 4 4 4 -3 4",48,1,256
593,1,"1 2 4 3 -2 4 -3 4 4 -1 4 4",48,1,128
594,1,"1 2 2 4 -1 -2 4 4 4 4 4 -2",24,1,-512
595,1,"1 2 4 -2 4 -2 4 4 -1 4 4 2",24,1,256
596,1,"1 2 3 4 4 -1 -3 4 -2 4 4 4",48,1,0
597,1,"1 2 -1 4 4 3 4 4 4 -2 -3 4",48,1,0
598,1,"1 2 4 -1 4 4 -2 -2 4 4 4 2",24,1,512
599,1,"1 1 1 4 -1 -1 4 4 4 -1 4 4",6,1,1024
600,1,"1 2 2 4 -2 4 -2 4 4 4 -1 4",24,1,256
601,1,"1 4 -1 4 4 2 4 4 2 4 -2 -2",24,1,256
602,1,"1 2 4 3 4 4 4 -2 4 -3 -1 4",48,1,128
603,1,"1 4 2 4 4 4 -2 -2 -1 4 4 2",24,1,0
604,1,"1 2 4 3 4 -3 4 -1 4 4 -2 4",48,1,128
605,1,"1 1 1 4 -1 4 4 4 -1 -1 4 4",6,1,1024
606,1,"1 2 2 4 -2 4 4 4 4 -2 -1 4",24,1,512
607,1,"1 2 4 4 -2 4 4 -2 4 2 -1 4",24,1,0
608,1,"1 2 4 4 4 4 -2 4 4 4 -1 -4",24,1,-512
609,1,"1 2 2 4 -2 -2 4 -1 4 4 4 4",24,1,512
610,1,"1 2 4 4 3 4 -2 4 -1 -3 4 4",48,1,128
611,1,"1 4 2 4 -1 4 4 2 4 -2 -2 4",24,1,256
612,1,"1 2 -1 4 3 -2 4 4 4 -3 4 4",48,1,0
613,1,"1 2 4 -1 4 4 4 2 4 -2 -2 4",24,1,256
614,1,"1 4 2 -1 4 4 4 -2 4 -2 4 2",24,1,256
615,1,"1 2 4 -1 4 4 -2 3 4 4 -3 4",48,1,128
616,1,"1 2 2 4 4 4 -1 -2 4 4 -2 4",24,1,0
617,1,"1 2 4 4 3 4 -1 4 -2 4 -3 4",48,1,128
618,1,"1 2 -1 -2 4 4 3 4 -3 4 4 4",48,1,-256
619,1,"1 2 4 2 4 -2 -2 4 -1 4 4 4",24,1,256
620,1,"1 2 -1 -2 4 4 4 3 4 4 -3 4",48,1,-256
621,1,"1 2 4 -1 4 3 4 -3 4 -2 4 4",48,1,128
622,1,"1 4 4 1 4 4 4 -1 -4 -1 4 4",6,1,512
623,1,"1 4 2 4 4 -2 -1 4 2 4 4 -2",12,1,256
624,1,"1 2 4 -1 -2 4 2 4 -2 4 4 4",24,1,0
625,1,"1 2 3 -2 -3 4 4 4 4 -1 4 4",48,1,-256
626,1,"1 2 -1 4 4 4 3 -2 -3 4 4 4",24,1,0
627,1,"1 2 3 -1 4 4 4 4 4 -3 4 -2",48,1,-256
628,1,"1 2 4 4 2 -1 4 -2 4 4 -2 4",24,1,0
629,1,"1 4 2 -1 4 4 -2 -2 4 4 2 4",24,1,256
630,1,"1 2 4 -2 4 -1 4 2 4 4 4 -2",24,1,0
631,1,"1 4 2 4 2 -1 4 4 4 -2 -2 4",24,1,256
632,1,"1 2 3 4 -3 4 4 -2 4 -1 4 4",48,1,128
633,1,"1 2 4 -2 4 -1 2 4 4 4 -2 4",24,1,256
634,1,"1 2 4 -2 4 -2 4 4 -1 2 4 4",24,1,256
635,1,"1 4 2 4 4 2 4 -2 -1 4 4 -2",24,1,256
636,1,"1 2 3 4 4 4 4 -3 4 -2 -1 4",48,1,256
637,1,"1 2 3 4 -2 4 -1 -3 4 4 4 4",48,1,0
638,1,"1 2 4 4 -1 4 -2 3 4 4 -3 4",48,1,128
639,1,"1 2 4 4 4 4 -1 -4 -2 4 4 4",24,1,-512
640,1,"1 2 4 -2 4 4 -2 4 2 -1 4 4",24,1,0
641,1,"1 2 2 4 -2 -2 4 4 -1 4 4 4",24,1,512
642,1,"1 2 4 -2 4 4 2 4 -1 4 -2 4",24,1,128
643,1,"1 2 4 4 -2 -1 4 -2 4 4 2 4",24,1,256
644,1,"1 4 2 -1 4 -2 -2 4 4 4 2 4",24,1,256
645,1,"1 2 3 -1 4 4 -2 4 4 -3 4 4",48,1,0
646,1,"1 2 4 3 -2 4 4 4 -3 4 -1 4",48,1,128
647,1,"1 2 4 4 -1 2 4 4 -2 4 -2 4",24,1,256
648,1,"1 2 4 3 -1 4 4 4 -2 -3 4 4",48,1,256
649,1,"1 4 2 4 4 4 4 4 -2 4 -1 -4",24,1,-512
650,1,"1 2 3 4 4 4 4 -1 -3 4 4 -2",48,1,-256
651,1,"1 1 4 1 4 -1 -1 4 4 4 -1 4",6,1,512
652,1,"1 2 -1 -2 4 4 -2 4 4 4 4 2",24,1,0
653,1,"1 2 4 -2 4 -1 4 4 -2 4 2 4",24,1,128
654,1,"1 4 -1 4 4 2 4 -2 -2 4 2 4",24,1,256
655,1,"1 2 -1 4 -2 4 2 4 4 4 -2 4",24,1,0
656,1,"1 2 2 4 4 -1 4 4 4 -2 -2 4",24,1,512
657,1,"1 2 4 -1 4 -2 4 4 -2 4 2 4",24,1,128
658,1,"1 2 3 -2 4 -3 4 4 4 4 -1 4",48,1,0
659,1,"1 2 -4 -1 4 4 4 4 4 4 -2 4",24,1,-512
660,1,"1 2 2 4 -2 -1 4 4 4 4 4 -2",24,1,512
661,1,"1 2 2 4 4 4 -2 4 -2 -1 4 4",24,1,512
662,1,"1 2 4 -2 -2 -1 2 4 4 4 4 4",24,1,512
663,1,"1 2 4 -2 4 3 4 4 -1 -3 4 4",48,1,128
664,1,"1 1 4 1 4 4 -1 4 -1 4 -1 4",6,1,256
665,1,"1 2 -1 4 2 4 4 4 4 4 -2 -2",24,1,-512
666,1,"1 4 2 4 -2 -2 4 2 4 4 -1 4",24,1,256
667,1,"1 2 4 4 -1 4 -2 4 -2 4 2 4",24,1,128
668,1,"1 4 2 4 2 -1 4 4 4 4 -2 -2",24,1,0
669,1,"1 2 -1 4 3 4 4 4 4 -3 -2 4",48,1,0
670,1,"1 2 3 4 4 -3 4 -2 4 4 -1 4",48,1,128
671,1,"1 2 3 4 4 4 -2 -1 -3 4 4 4",24,1,0
672,1,"1 1 1 4 -1 4 4 -1 4 4 -1 4",6,1,512
673,1,"1 2 3 4 4 -2 4 4 4 -3 -1 4",48,1,256
674,1,"1 2 4 2 4 4 -2 4 4 -2 -1 4",24,1,256
675,1,"1 2 3 4 -1 4 4 4 -3 4 4 -2",48,1,0
676,1,"1 2 -1 4 -2 3 4 4 4 -3 4 4",48,1,0
677,1,"1 2 -1 4 -2 4 4 4 -2 4 2 4",24,1,0
678,1,"1 4 2 -1 4 4 4 -2 -2 4 2 4",24,1,256
679,1,"1 2 2 4 4 4 4 -2 4 -2 -1 4",24,1,512
680,1,"1 2 4 4 4 2 4 -2 -2 4 -1 4",24,1,256
681,1,"1 4 2 4 2 4 4 -2 4 -2 -1 4",24,1,128
682,1,"1 4 -1 4 4 4 2 4 -2 -2 4 2",24,1,256
683,1,"1 4 4 2 2 4 -1 4 4 -2 -2 4",12,1,512
684,1,"1 2 3 -2 4 -1 4 4 -3 4 4 4",48,1,0
685,1,"1 4 2 4 -1 4 2 4 4 -2 4 -2",24,1,128
686,1,"1 2 4 4 -2 4 2 4 -2 4 -1 4",24,1,128
687,1,"1 2 3 -1 4 -2 4 4 -3 4 4 4",48,1,0
688,1,"1 1 4 -1 -1 4 1 4 -1 4 4 4",6,1,512
689,1,"1 4 2 4 -2 -2 -1 4 4 2 4 4",24,1,256
690,1,"1 2 2 -1 4 4 4 4 -2 4 -2 4",24,1,0
691,1,"1 2 4 -2 4 4 -2 -1 2 4 4 4",24,1,256
692,1,"1 2 3 4 4 -1 4 -2 -3 4 4 4",48,1,0
693,1,"1 2 3 4 4 -3 4 -1 -2 4 4 4",48,1,0
694,1,"1 2 3 4 -1 4 -2 4 -3 4 4 4",48,1,128
695,1,"1 2 4 4 3 4 -2 4 -1 4 -3 4",48,1,128
696,1,"1 2 -1 4 3 -2 4 4 4 4 -3 4",48,1,0
697,1,"1 4 2 4 2 4 -1 4 -2 4 -2 4",12,1,128
698,1,"1 2 3 -1 -3 4 4 -2 4 4 4 4",48,1,-256
699,1,"1 2 4 4 3 -1 4 4 -3 4 -2 4",48,1,128
700,1,"1 4 2 2 4 4 -2 -1 4 4 -2 4",24,1,256
701,1,"1 4 2 4 2 -1 4 4 -2 4 4 -2",24,1,0
702,1,"1 2 4 4 2 4 -2 4 -1 4 4 -2",24,1,0
703,1,"1 2 3 4 4 -2 4 -3 4 -1 4 4",48,1,128
704,1,"1 2 3 4 4 4 -1 4 4 -3 4 -2",48,1,0
705,1,"1 2 4 -1 4 4 2 4 4 -2 4 -2",24,1,0
706,1,"1 2 3 -2 4 4 -3 -1 4 4 4 4",48,1,256
707,1,"1 4 -1 4 4 -1 -4 1 4 4 4 4",6,1,-512
708,1,"1 2 -1 4 2 4 4 4 -2 4 4 -2",24,1,-256
709,1,"1 2 4 2 4 4 -1 4 4 -2 -2 4",24,1,256
710,1,"1 2 4 -2 -2 4 4 -1 4 4 2 4",24,1,256
711,1,"1 2 4 2 4 4 -2 -2 -1 4 4 4",24,1,512
712,1,"1 2 4 4 2 4 -1 4 -2 4 4 -2",24,1,0
713,1,"1 2 4 4 4 2 4 -2 4 -2 -1 4",24,1,256
714,1,"1 2 4 4 4 4 -1 4 4 4 -2 -4",24,1,-512
715,1,"1 2 2 -1 4 -2 4 4 4 4 -2 4",24,1,0
716,1,"1 2 4 2 4 -1 4 4 -2 4 4 -2",24,1,0
717,1,"1 4 2 4 -2 -1 4 4 -2 4 4 2",24,1,0
718,1,"1 2 3 4 -1 -3 4 4 -2 4 4 4",48,1,0
719,1,"1 2 2 4 4 -2 4 -2 -1 4 4 4",24,1,512
720,1,"1 2 4 4 3 4 -2 -3 4 4 -1 4",48,1,128
721,1,"1 4 4 2 -4 -2 4 4 4 -1 4 4",24,1,-512
722,1,"1 2 4 -2 4 4 4 -1 4 2 4 -2",24,1,0
723,1,"1 4 2 -1 4 4 4 2 4 -2 4 -2",24,1,0
724,1,"1 2 -1 4 -2 4 2 4 4 4 4 -2",24,1,-256
725,1,"1 2 4 4 2 4 -1 4 -2 -2 4 4",24,1,256
726,1,"1 2 4 4 -1 4 4 4 -2 -2 4 2",24,1,512
727,1,"1 2 4 -2 3 4 4 -3 -1 4 4 4",48,1,0
728,1,"1 2 4 -1 4 4 4 2 4 4 -2 -2",24,1,0
729,1,"1 2 4 2 4 4 -1 -2 4 4 -2 4",24,1,0
730,1,"1 2 4 -2 -1 4 4 2 4 4 -2 4",24,1,256
731,1,"1 2 3 -2 -1 4 -3 4 4 4 4 4",48,1,0
732,1,"1 2 -1 -2 4 4 4 2 4 -2 4 4",24,1,-256
733,1,"1 2 -1 4 4 2 4 -2 -2 4 4 4",24,1,0
734,1,"1 2 3 -1 4 4 -2 4 4 4 -3 4",48,1,0
735,1,"1 4 2 4 4 -2 -2 -1 4 4 2 4",24,1,256
736,1,"1 2 4 3 -1 4 4 4 -2 4 -3 4",48,1,128
737,1,"1 2 4 -1 -2 4 4 2 4 4 -2 4",24,1,0
738,1,"1 2 4 -2 -1 -2 4 4 4 4 2 4",24,1,256
739,1,"1 2 4 4 -1 -2 4 4 4 2 4 -2",24,1,-256
740,1,"1 4 2 4 -1 4 4 2 4 4 -2 -2",24,1,256
741,1,"1 2 2 4 4 -1 4 -2 4 4 4 -2",24,1,0
742,1,"1 2 4 -2 -2 -1 4 4 4 2 4 4",24,1,512
743,1,"1 2 4 4 -2 -1 4 2 4 -2 4 4",24,1,256
744,1,"1 2 3 -1 -2 4 -3 4 4 4 4 4",48,1,-256
745,1,"1 1 4 -1 -1 4 4 4 1 4 -1 4",6,1,512
746,1,"1 2 3 4 -1 4 -3 -2 4 4 4 4",48,1,256
747,1,"1 2 4 -1 4 4 4 4 4 4 -2 -4",24,1,-512
748,1,"1 2 2 4 4 -2 -2 -1 4 4 4 4",24,1,1024
749,1,"1 2 3 -1 4 4 4 4 -3 4 -2 4",48,1,0
750,1,"1 2 -1 4 3 4 -3 4 4 -2 4 4",48,1,0
751,1,"1 2 4 4 4 -2 -1 4 2 4 -2 4",24,1,256
752,1,"1 2 4 -2 4 3 4 4 -1 4 -3 4",48,1,128
753,1,"1 2 4 4 -2 4 4 -2 4 -1 4 2",24,1,256
754,1,"1 2 4 3 4 -1 4 -3 4 -2 4 4",48,1,128
755,1,"1 4 2 4 4 -2 4 2 -1 4 4 -2",24,1,0
756,1,"1 2 4 -1 4 4 -2 3 4 -3 4 4",48,1,128
757,1,"1 2 3 4 -3 -1 4 4 4 -2 4 4",48,1,256
758,1,"1 1 4 4 4 -1 4 4 4 4 -1 -4",6,1,-1024
759,1,"1 1 -4 -1 4 4 4 4 4 4 -1 4",6,1,-1024
760,1,"1 1 4 -1 4 1 4 4 -1 4 -1 4",6,1,256
761,1,"1 2 -1 -2 4 4 4 4 2 4 4 -2",24,1,-512
762,1,"1 4 2 2 4 -2 4 -2 4 4 -1 4",24,1,256
763,1,"1 2 3 4 4 4 4 -1 4 -2 -3 4",48,1,0
764,1,"1 2 3 4 4 4 4 -3 4 -1 -2 4",48,1,0
765,1,"1 2 4 3 4 4 -2 4 -3 -1 4 4",48,1,128
766,1,"1 2 4 3 4 4 -3 4 -2 4 -1 4",48,1,128
767,1,"1 2 4 2 4 -2 4 4 -1 4 4 -2",24,1,0
768,1,"1 2 4 -2 -1 -2 4 2 4 4 4 4",24,1,256
769,1,"1 2 3 4 -3 4 4 4 -1 -2 4 4",48,1,0
770,1,"1 2 3 4 4 -2 -1 4 -3 4 4 4",48,1,256
771,1,"1 2 -1 4 -2 3 4 4 4 4 -3 4",48,1,0
772,1,"1 4 1 4 4 4 -1 4 4 4 -1 -4",6,1,-512
773,1,"1 1 4 -1 -1 4 4 1 4 -1 4 4",6,1,512
774,1,"1 1 4 -1 4 -1 -1 4 4 4 1 4",6,1,512
775,1,"1 2 -1 2 4 4 4 -2 4 4 4 -2",24,1,0
776,1,"1 2 4 -2 4 4 -1 4 2 4 4 -2",24,1,0
777,1,"1 2 -1 4 4 3 4 4 -3 -2 4 4",48,1,0
778,1,"1 1 4 -1 4 4 -1 4 -1 4 1 4",6,1,256
779,1,"1 4 2 4 4 -1 4 4 -2 -2 4 2",24,1,256
780,1,"1 2 4 -1 4 4 4 -2 -2 4 4 2",24,1,512
781,1,"1 2 4 4 -2 -1 4 4 2 4 -2 4",24,1,256
782,1,"1 2 4 4 -2 4 -2 4 2 -1 4 4",24,1,0
783,1,"1 2 4 -1 3 4 4 -3 4 4 -2 4",48,1,128
784,1,"1 2 4 3 4 -3 4 4 -2 -1 4 4",48,1,256
785,1,"1 4 1 -4 -1 4 4 4 4 4 -1 4",6,1,-512
786,1,"1 2 3 4 -1 4 4 4 4 -2 -3 4",48,1,0
787,1,"1 2 2 4 4 4 -2 4 -1 4 -2 4",24,1,256
788,1,"1 2 4 4 -1 2 4 4 -2 4 4 -2",24,1,256
789,1,"1 2 4 4 4 4 4 2 -1 4 -2 -2",24,1,-512
790,1,"1 4 2 2 4 -2 4 4 -2 -1 4 4",24,1,256
791,1,"1 2 2 4 4 4 -2 -1 4 4 4 -2",24,1,512
792,1,"1 2 4 4 2 4 -2 -1 4 -2 4 4",24,1,256
793,1,"1 2 4 3 4 -3 4 -2 -1 4 4 4",48,1,256
794,1,"1 2 4 4 2 4 4 -1 4 -2 4 -2",24,1,0
795,1,"1 4 2 4 2 4 -2 4 -2 -1 4 4",24,1,128
796,1,"1 2 4 3 4 -2 4 4 -1 -3 4 4",48,1,128
797,1,"1 2 4 -1 -2 4 -2 4 4 2 4 4",24,1,0
798,1,"1 2 2 4 4 4 4 -1 4 -2 4 -2",24,1,0
799,1,"1 2 4 -2 -1 4 4 -2 4 4 2 4",24,1,256
800,1,"1 2 4 4 2 4 4 -2 4 -1 4 -2",24,1,0
801,1,"1 2 4 4 -1 4 -2 4 -2 4 4 2",24,1,256
802,1,"1 2 4 3 4 4 -3 -2 4 -1 4 4",24,1,128
803,1,"1 2 4 4 2 4 4 -2 -2 -1 4 4",24,1,512
804,1,"1 2 3 4 -2 4 4 -3 4 4 -1 4",48,1,128
805,1,"1 2 -4 -1 4 4 4 -2 4 4 4 4",24,1,-512
806,1,"1 2 4 -1 -2 4 4 -2 4 4 2 4",24,1,0
807,1,"1 2 3 4 4 4 -3 4 4 -2 -1 4",48,1,256
808,1,"1 4 2 4 4 4 -2 -4 -1 4 4 4",24,1,0
809,1,"1 2 4 4 -2 4 -1 2 4 4 -2 4",12,1,256
810,1,"1 1 4 4 -1 4 -1 4 1 4 -1 4",6,1,256
811,1,"1 4 2 4 -2 4 -1 4 4 -2 4 2",24,1,128
812,1,"1 2 4 -1 3 4 -3 -2 4 4 4 4",48,1,256
813,1,"1 2 4 4 -1 -4 -2 4 4 4 4 4",24,1,-512
814,1,"1 2 4 4 -1 4 -2 -2 4 4 2 4",24,1,256
815,1,"1 2 3 4 4 4 -1 4 -3 4 -2 4",48,1,128
816,1,"1 2 4 2 4 -2 -1 4 -2 4 4 4",24,1,256
817,1,"1 2 -1 4 3 4 -2 4 4 -3 4 4",48,1,0
818,1,"1 2 4 -2 -1 2 4 4 -2 4 4 4",24,1,256
819,1,"1 2 4 -2 -1 4 4 4 -2 4 4 2",24,1,256
820,1,"1 2 4 -1 -2 4 4 4 -2 4 4 2",24,1,256
821,1,"1 4 4 2 2 4 -2 4 -2 -1 4 4",24,1,256
822,1,"1 4 -1 4 4 4 -1 4 4 4 1 -4",6,1,512
823,1,"1 2 -1 4 4 4 4 4 2 4 -2 -2",24,1,-512
824,1,"1 4 2 2 4 4 -1 4 4 -2 4 -2",24,1,256
825,1,"1 4 2 4 4 -1 4 4 2 4 -2 -2",24,1,256
826,1,"1 4 2 -1 4 4 -2 -2 4 2 4 4",24,1,256
827,1,"1 4 2 4 -2 4 -2 -1 4 4 4 2",24,1,0
828,1,"1 2 4 -2 4 4 3 -1 4 4 -3 4",48,1,128
829,1,"1 2 -1 -2 -2 4 4 4 2 4 4 4",24,1,-512
830,1,"1 2 2 4 4 -2 -1 4 4 -2 4 4",24,1,512
831,1,"1 2 4 2 4 -2 4 -2 4 4 -1 4",24,1,128
832,1,"1 2 3 -2 4 4 -1 -3 4 4 4 4",48,1,-256
833,1,"1 2 4 -2 4 -1 -2 4 4 2 4 4",24,1,0
834,1,"1 2 4 4 4 2 4 4 -2 -1 4 -2",24,1,256
835,1,"1 2 3 4 -2 4 4 -1 4 -3 4 4",48,1,128
836,1,"1 2 4 2 -1 -2 4 4 4 -2 4 4",24,1,-256
837,1,"1 2 -1 -2 -2 4 4 4 4 4 4 2",24,1,0
838,1,"1 2 4 -2 -2 4 -1 4 4 4 2 4",24,1,256
839,1,"1 2 4 -2 4 4 -2 4 -1 2 4 4",24,1,256
840,1,"1 2 -1 -2 4 -2 4 4 4 2 4 4",24,1,-256
841,1,"1 2 4 4 3 4 -1 -3 4 4 -2 4",24,1,128
842,1,"1 1 4 4 4 4 4 4 -1 -4 -1 4",6,1,1024
843,1,"1 4 2 4 4 2 -1 4 4 4 -2 -2",24,1,0
844,1,"1 4 2 -4 -1 4 4 4 4 -2 4 4",24,1,0
845,1,"1 2 4 4 4 4 -2 4 -2 -1 4 2",24,1,256
846,1,"1 2 -1 -2 4 4 2 4 4 4 -2 4",24,1,-256
847,1,"1 2 -1 4 4 -2 4 -2 4 2 4 4",24,1,0
848,1,"1 2 4 4 -1 -2 4 4 2 4 -2 4",24,1,0
849,1,"1 4 2 2 -1 4 4 4 -2 4 4 -2",24,1,0
850,1,"1 2 2 4 4 -1 -2 4 4 -2 4 4",24,1,0
851,1,"1 2 4 2 4 -2 4 -1 -2 4 4 4",24,1,0
852,1,"1 4 2 2 4 -1 4 -2 4 4 -2 4",24,1,256
853,1,"1 4 4 2 2 -1 4 4 -2 4 4 -2",24,1,0
854,1,"1 2 -1 4 -2 4 -2 4 4 2 4 4",24,1,0
855,1,"1 2 4 2 -1 4 4 -2 4 -2 4 4",24,1,0
856,1,"1 2 3 -1 -3 4 4 4 4 4 4 -2",48,1,-512
857,1,"1 2 -1 4 3 -2 4 4 -3 4 4 4",48,1,0
858,1,"1 2 -1 4 4 4 3 4 -2 -3 4 4",48,1,0
859,1,"1 2 4 2 -1 4 -2 4 4 4 4 -2",24,1,-256
860,1,"1 2 4 -1 2 4 -2 4 4 4 4 -2",24,1,256
861,1,"1 2 4 -1 4 4 3 4 -3 -2 4 4",48,1,128
862,1,"1 2 4 4 -1 4 3 -2 4 4 -3 4",24,1,128
863,1,"1 1 4 -1 4 -1 4 -1 4 1 4 4",6,1,256
864,1,"1 2 4 -2 -2 4 -1 2 4 4 4 4",24,1,512
865,1,"1 2 -1 4 4 3 4 -3 -2 4 4 4",48,1,0
866,1,"1 2 4 -1 4 3 -2 4 4 -3 4 4",48,1,128
867,1,"1 2 4 -1 4 4 -2 4 -2 4 2 4",24,1,128
868,1,"1 2 4 4 2 -1 4 4 4 4 -2 -2",24,1,-512
869,1,"1 2 3 4 4 -2 -3 4 4 -1 4 4",48,1,0
870,1,"1 2 2 4 -1 4 4 -2 4 4 4 -2",24,1,0
871,1,"1 2 -1 -2 4 3 4 4 4 -3 4 4",48,1,-256
872,1,"1 1 1 4 4 -1 -1 4 4 -1 4 4",6,1,1024
873,1,"1 2 -1 -2 4 4 4 4 -2 4 2 4",24,1,-256
874,1,"1 2 -1 4 2 4 4 4 -2 -2 4 4",24,1,0
875,1,"1 2 4 -2 4 2 4 -2 4 4 -1 4",24,1,128
876,1,"1 2 4 -2 4 4 4 4 -2 -1 4 2",24,1,256
877,1,"1 2 4 4 -2 4 -1 -2 4 4 2 4",12,1,0
878,1,"1 2 3 -1 4 4 4 4 -3 4 4 -2",48,1,-256
879,1,"1 2 4 3 4 -2 4 4 -1 4 -3 4",48,1,128
880,1,"1 2 2 4 4 -2 4 4 -1 4 4 -2",24,1,0
881,1,"1 2 4 4 4 2 4 -2 -1 4 -2 4",24,1,256
882,1,"1 4 4 2 4 4 -2 4 4 4 -1 -4",24,1,-512
883,1,"1 2 3 4 4 4 -2 4 4 -3 -1 4",48,1,256
884,1,"1 2 -1 4 4 3 4 -2 4 -3 4 4",48,1,0
885,1,"1 1 1 4 4 4 -1 4 -1 -1 4 4",6,1,1024
886,1,"1 1 4 1 4 -1 4 -1 4 -1 4 4",6,1,256
887,1,"1 2 -1 2 4 4 -2 4 4 -2 4 4",24,1,256
888,1,"1 2 4 -2 4 4 2 4 -2 4 -1 4",24,1,128
889,1,"1 2 4 -2 4 4 4 2 -1 4 4 -2",24,1,-256
890,1,"1 2 2 4 -2 4 -2 4 4 -1 4 4",24,1,256
891,1,"1 2 3 4 -3 -2 4 -1 4 4 4 4",48,1,256
892,1,"1 2 3 4 4 4 4 -3 4 -1 4 -2",48,1,0
893,1,"1 2 4 4 3 4 -3 4 -2 -1 4 4",48,1,256
894,1,"1 2 4 4 -2 4 -2 -1 4 2 4 4",24,1,256
895,1,"1 2 4 -2 3 4 -3 4 -1 4 4 4",48,1,128
896,1,"1 2 3 -1 4 4 -2 4 -3 4 4 4",48,1,0
897,1,"1 2 4 -1 4 4 -2 4 4 -2 4 2",24,1,256
898,1,"1 2 4 -2 4 2 4 -1 -2 4 4 4",24,1,0
899,1,"1 1 4 4 4 -1 -4 -1 4 4 4 4",6,1,1024
900,1,"1 2 -1 4 4 4 2 4 4 -2 4 -2",24,1,-256
901,1,"1 4 2 4 4 4 2 4 -2 -2 -1 4",24,1,256
902,1,"1 2 4 4 -2 -1 4 -2 4 4 4 2",24,1,256
903,1,"1 4 2 -1 4 -2 4 -2 4 2 4 4",24,1,128
904,1,"1 4 2 2 4 -2 4 -1 4 4 -2 4",24,1,256
905,1,"1 2 -1 4 3 4 -2 4 4 4 -3 4",48,1,0
906,1,"1 2 4 3 4 -3 -1 4 4 4 -2 4",48,1,128
907,1,"1 4 -1 -4 1 4 4 4 -1 4 4 4",6,1,-512
908,1,"1 2 4 -2 4 2 4 4 4 -2 -1 4",24,1,256
909,1,"1 2 4 -2 4 4 4 -2 4 2 -1 4",24,1,0
910,1,"1 4 2 4 2 4 4 -2 -2 4 -1 4",24,1,256
911,1,"1 2 3 4 4 4 -2 -3 4 -1 4 4",48,1,0
912,1,"1 4 2 -1 4 2 4 -2 -2 4 4 4",24,1,256
913,1,"1 4 2 -1 4 -2 4 2 4 4 4 -2",24,1,0
914,1,"1 2 3 4 4 -3 4 4 -1 4 -2 4",48,1,128
915,1,"1 1 4 4 4 4 4 4 4 -1 -1 -4",6,1,-2048
916,1,"1 4 2 4 2 4 -1 4 4 -2 4 -2",24,1,128
917,1,"1 4 -1 4 4 2 2 4 -2 -2 4 4",24,1,512
918,1,"1 4 4 2 4 -2 -1 4 4 -2 4 2",12,1,0
919,1,"1 2 -1 4 3 4 4 4 -3 4 -2 4",48,1,0
920,1,"1 2 2 -1 -2 4 4 4 4 4 -2 4",24,1,-512
921,1,"1 2 4 2 4 4 -2 4 4 -1 4 -2",24,1,0
922,1,"1 2 3 -1 4 -3 4 4 -2 4 4 4",48,1,0
923,1,"1 2 4 3 4 -1 -3 4 4 -2 4 4",48,1,128
924,1,"1 2 2 4 -2 4 4 -2 -1 4 4 4",24,1,512
925,1,"1 2 3 4 -2 4 4 -1 4 4 -3 4",48,1,128
926,1,"1 2 4 3 -2 4 4 -3 -1 4 4 4",48,1,256
927,1,"1 2 3 4 4 -2 4 4 -3 4 -1 4",48,1,128
928,1,"1 4 1 4 4 4 4 -1 -4 -1 4 4",6,1,512
929,1,"1 4 -1 4 4 4 -1 -4 1 4 4 4",6,1,-512
930,1,"1 1 4 4 -1 4 1 4 -1 4 -1 4",6,1,256
931,1,"1 2 3 4 4 4 -3 4 4 -1 -2 4",48,1,0
932,1,"1 2 4 3 4 4 -1 4 -2 -3 4 4",48,1,128
933,1,"1 2 4 3 4 4 -3 4 -1 -2 4 4",48,1,0
934,1,"1 2 4 -1 2 4 4 -2 4 -2 4 4",24,1,256
935,1,"1 2 3 4 4 -1 4 4 -2 -3 4 4",48,1,0
936,1,"1 2 -1 4 -2 3 4 4 -3 4 4 4",48,1,0
937,1,"1 2 4 -1 2 4 -2 4 -2 4 4 4",24,1,256
938,1,"1 4 2 -4 -2 4 4 4 4 4 -1 4",24,1,-512
939,1,"1 2 -1 4 4 4 2 4 4 -2 -2 4",24,1,0
940,1,"1 2 4 2 4 4 -1 4 4 -2 4 -2",24,1,0
941,1,"1 2 4 -2 -2 4 2 -1 4 4 4 4",24,1,0
942,1,"1 4 2 2 4 -1 4 4 4 -2 -2 4",24,1,512
943,1,"1 2 4 2 -1 4 4 4 -2 4 -2 4",24,1,0
944,1,"1 2 4 4 -1 4 4 2 4 4 -2 -2",24,1,0
945,1,"1 4 2 4 -1 4 2 4 -2 4 -2 4",24,1,128
946,1,"1 4 2 4 -2 -2 4 4 2 -1 4 4",24,1,256
947,1,"1 2 3 -1 4 4 -3 -2 4 4 4 4",48,1,0
948,1,"1 2 -1 4 4 4 4 4 4 4 -2 -4",24,1,-1024
949,1,"1 2 4 4 -2 4 4 4 2 -1 4 -2",24,1,-256
950,1,"1 2 4 -2 -1 4 4 3 4 -3 4 4",48,1,256
951,1,"1 2 3 4 -3 4 4 -1 4 4 -2 4",48,1,128
952,1,"1 2 -1 4 4 4 3 4 -2 4 -3 4",48,1,0
953,1,"1 2 3 4 -1 4 4 4 -3 -2 4 4",48,1,256
954,1,"1 1 1 4 4 4 -1 -1 4 4 -1 4",6,1,1024
955,1,"1 2 4 -1 -2 4 4 3 4 -3 4 4",48,1,0
956,1,"1 2 2 4 4 -2 4 -1 -2 4 4 4",24,1,0
957,1,"1 2 4 4 2 -1 4 -2 4 4 4 -2",24,1,-256
958,1,"1 2 3 4 4 4 -1 4 -3 4 4 -2",48,1,0
959,1,"1 2 4 -1 4 3 -2 4 4 4 -3 4",48,1,128
960,1,"1 4 1 -4 -1 4 4 -1 4 4 4 4",6,1,-512
961,1,"1 2 -1 -2 4 -2 4 4 4 4 4 2",24,1,0
962,1,"1 2 4 4 4 -2 4 2 4 -2 -1 4",24,1,256
963,1,"1 2 -1 -2 4 3 4 4 4 4 -3 4",48,1,-256
964,1,"1 2 4 4 -1 4 2 4 -2 -2 4 4",24,1,256
965,1,"1 2 2 4 4 -1 4 4 -2 4 -2 4",24,1,256
966,1,"1 4 2 -1 4 4 4 -2 4 2 4 -2",24,1,0
967,1,"1 4 2 2 4 -1 4 4 4 -2 4 -2",24,1,256
968,1,"1 4 4 -1 4 4 4 2 2 4 -2 -2",24,1,512
969,1,"1 2 -1 2 4 4 -2 -2 4 4 4 4",24,1,512
970,1,"1 2 4 -2 4 -2 -1 4 4 4 4 2",24,1,256
971,1,"1 2 -1 4 4 3 4 -2 4 4 -3 4",48,1,0
972,1,"1 2 4 3 -1 4 4 -3 4 4 -2 4",48,1,128
973,1,"1 2 4 -1 4 3 4 4 -3 4 -2 4",48,1,128
974,1,"1 4 2 4 -2 4 2 4 -1 4 4 -2",24,1,128
975,1,"1 2 3 4 -2 4 -3 4 4 4 -1 4",48,1,128
976,1,"1 1 1 4 -1 4 -1 4 4 4 -1 4",6,1,512
977,1,"1 2 4 -2 4 -1 4 4 2 4 -2 4",24,1,128
978,1,"1 4 2 4 4 -2 4 -2 4 2 -1 4",24,1,128
979,1,"1 2 4 2 4 -1 4 -2 -2 4 4 4",24,1,256
980,1,"1 2 4 -1 4 -2 4 4 2 4 -2 4",24,1,128
981,1,"1 2 4 -1 4 4 4 -2 -2 4 2 4",24,1,256
982,1,"1 2 4 -2 3 4 4 4 -3 -1 4 4",48,1,0
983,1,"1 4 2 4 3 4 -2 4 -3 4 -1 4",48,1,128
984,1,"1 2 4 2 4 4 -2 -2 4 4 -1 4",24,1,256
985,1,"1 2 4 4 -2 4 2 4 4 -2 -1 4",24,1,256
986,1,"1 4 2 4 4 -2 -2 4 4 2 -1 4",24,1,256
987,1,"1 2 4 4 -1 4 -2 4 2 4 -2 4",24,1,128
988,1,"1 2 3 -1 4 4 4 4 4 -2 -3 4",48,1,0
989,1,"1 2 4 4 4 -2 4 -2 -1 4 2 4",24,1,256
990,1,"1 2 4 -1 4 4 3 -2 4 -3 4 4",24,1,128
991,1,"1 4 4 2 4 4 -1 4 4 4 -2 -4",24,1,0
992,1,"1 2 4 -1 -2 4 4 4 4 2 4 -2",24,1,-256
993,1,"1 2 4 4 -2 4 4 -1 4 -2 4 2",24,1,256
994,1,"1 2 4 4 4 4 2 -1 4 -2 -2 4",24,1,0
995,1,"1 4 2 -1 4 4 -2 4 2 4 4 -2",24,1,0
996,1,"1 2 -1 2 4 4 4 4 -2 4 -2 4",24,1,256
997,1,"1 2 4 4 -2 -2 4 4 2 4 -1 4",24,1,256
998,1,"1 4 -1 4 4 2 2 4 4 -2 4 -2",24,1,256
999,1,"1 4 -1 4 4 2 4 2 4 -2 4 -2",24,1,128
1000,1,"1 2 2 -1 4 4 4 -2 4 4 -2 4",24,1,0
1001,1,"1 2 3 4 -2 -3 4 4 4 -1 4 4",48,1,0
1002,1,"1 2 3 4 4 -3 -1 4 -2 4 4 4",48,1,256
1003,1,"1 4 -1 -4 -1 4 4 4 1 4 4 4",6,1,512
1004,1,"1 2 2 4 -1 4 -2 4 4 -2 4 4",24,1,256
1005,1,"1 2 4 3 4 -1 -2 4 4 -3 4 4",48,1,0
1006,1,"1 2 -1 4 -2 4 4 4 2 4 -2 4",24,1,0
1007,1,"1 4 2 2 4 4 4 -2 -2 -1 4 4",24,1,512
1008,1,"1 1 4 -1 -4 -1 4 4 4 4 4 4",6,1,1024
1009,1,"1 2 2 4 4 -2 4 4 -2 4 -1 4",24,1,256
1010,1,"1 2 3 -2 4 4 4 -3 4 4 -1 4",48,1,0
1011,1,"1 2 4 3 4 4 -2 4 -1 -3 4 4",48,1,128
1012,1,"1 2 4 -1 2 4 4 4 -2 4 -2 4",24,1,256
1013,1,"1 2 4 -1 4 2 4 4 -2 -2 4 4",24,1,256
1014,1,"1 2 4 -1 4 2 4 4 4 -2 4 -2",24,1,0
1015,1,"1 2 4 -2 4 4 -1 2 4 4 -2 4",24,1,256
1016,1,"1 2 4 2 4 4 -2 -1 -2 4 4 4",24,1,256
1017,1,"1 2 4 -2 -2 4 4 -1 4 2 4 4",24,1,256
1018,1,"1 2 4 3 -2 4 4 4 4 -1 -3 4",48,1,0
1019,1,"1 2 4 3 4 4 -1 4 -2 4 -3 4",48,1,128
1020,1,"1 2 3 4 4 -1 4 4 -2 4 -3 4",48,1,128
1021,1,"1 2 2 4 4 -2 -2 4 4 -1 4 4",24,1,512
1022,1,"1 4 2 -1 4 2 4 4 4 -2 -2 4",24,1,256
1023,1,"1 2 4 3 4 -3 4 -1 4 -2 4 4",48,1,128
1024,1,"1 1 4 -1 4 4 -1 4 1 4 -1 4",6,1,256
1025,1,"1 2 -1 2 4 -2 4 4 4 4 -2 4",24,1,256
1026,1,"1 4 2 4 2 4 -2 4 -2 4 -1 4",24,1,128
1027,1,"1 2 4 4 4 -1 4 4 4 4 -2 -4",24,1,-512
1028,1,"1 4 2 4 4 4 -2 4 4 4 -1 -4",24,1,-512
1029,1,"1 2 4 -2 -1 4 2 4 4 4 4 -2",24,1,256
1030,1,"1 2 4 4 -1 4 -2 -2 4 2 4 4",24,1,256
1031,1,"1 4 2 -1 4 4 2 4 4 4 -2 -2",24,1,0
1032,1,"1 4 1 4 1 4 -1 4 -1 4 -1 4",3,1,128
1033,1,"1 2 -1 4 -2 4 4 4 -2 4 4 2",24,1,256
1034,1,"1 2 4 4 2 4 4 4 -2 -2 -1 4",24,1,512
1035,1,"1 2 4 -2 -1 4 4 3 4 4 -3 4",48,1,256
1036,1,"1 2 4 4 -2 4 -1 4 -2 4 4 2",24,1,256
1037,1,"1 2 4 -2 4 -1 4 4 -2 4 4 2",24,1,256
1038,1,"1 2 4 4 4 -1 4 4 2 4 -2 -2",24,1,0
1039,1,"1 2 4 -1 -2 4 4 3 4 4 -3 4",48,1,0
1040,1,"1 2 4 -2 -1 -2 4 4 4 2 4 4",24,1,256
1041,1,"1 2 3 -2 4 4 4 -1 4 -3 4 4",48,1,0
1042,1,"1 4 2 4 -2 4 2 4 -2 -1 4 4",24,1,128
1043,1,"1 1 1 4 4 -1 4 4 4 -1 -1 4",6,1,1024
1044,1,"1 2 2 4 -2 4 -1 4 4 -2 4 4",24,1,256
1045,1,"1 2 4 4 -2 4 2 -1 4 4 -2 4",24,1,0
1046,1,"1 2 4 -2 -1 4 -2 4 4 4 2 4",24,1,256
1047,1,"1 4 2 2 -1 4 4 -2 4 -2 4 4",24,1,256
1048,1,"1 2 4 -2 4 -1 2 4 4 -2 4 4",24,1,256
1049,1,"1 4 2 2 -1 4 4 4 4 -2 -2 4",24,1,512
1050,1,"1 2 3 4 4 -3 4 4 -1 4 4 -2",48,1,0
1051,1,"1 2 4 -2 4 4 2 4 -1 -2 4 4",24,1,0
1052,1,"1 2 3 4 -1 4 4 -3 -2 4 4 4",48,1,256
1053,1,"1 2 4 4 4 2 -1 4 4 4 -2 -2",24,1,-512
1054,1,"1 4 2 2 4 -2 -1 4 4 4 4 -2",24,1,512
1055,1,"1 2 -1 -2 4 4 -2 4 4 2 4 4",24,1,-256
1056,1,"1 4 2 -1 4 2 4 -2 4 4 -2 4",24,1,128
1057,1,"1 2 3 4 4 4 -1 4 4 -2 -3 4",48,1,0
1058,1,"1 2 -4 -2 4 4 4 4 -1 4 4 4",24,1,-512
1059,1,"1 2 3 -2 -1 4 4 4 4 -3 4 4",48,1,0
1060,1,"1 2 4 -2 -2 4 4 4 2 -1 4 4",24,1,0
1061,1,"1 2 3 4 4 4 -3 4 4 -1 4 -2",48,1,0
1062,1,"1 4 1 4 4 -1 4 4 4 4 -1 -4",6,1,-512
1063,1,"1 2 -1 4 2 4 -2 4 4 4 4 -2",24,1,-256
1064,1,"1 2 3 -1 -2 4 4 4 4 -3 4 4",48,1,-256
1065,1,"1 2 -1 4 -2 4 2 4 4 -2 4 4",24,1,0
1066,1,"1 4 2 2 -1 4 -2 -2 4 4 4 4",24,1,512
1067,1,"1 2 3 4 -1 4 4 -2 4 -3 4 4",48,1,128
1068,1,"1 2 4 -2 -2 4 4 4 4 -1 4 2",24,1,512
1069,1,"1 2 3 4 4 -3 -2 4 -1 4 4 4",48,1,256
1070,1,"1 2 4 -1 4 4 3 -2 4 4 -3 4",48,1,128
1071,1,"1 4 -1 4 1 4 -1 4 1 4 -1 4",3,3,128
1072,1,"1 1 1 4 4 -1 4 -1 -1 4 4 4",6,1,1024
1073,1,"1 2 -1 4 3 4 -2 4 -3 4 4 4",48,1,0
1074,1,"1 2 4 2 4 -1 -2 4 4 4 4 -2",24,1,-256
1075,1,"1 2 4 -2 4 4 -1 -2 4 4 2 4",24,1,0
1076,1,"1 2 4 -2 4 4 2 4 4 -1 4 -2",24,1,0
1077,1,"1 2 4 2 -1 4 4 4 4 -2 -2 4",24,1,0
1078,1,"1 4 2 2 -1 4 -2 4 4 4 -2 4",24,1,256
1079,1,"1 2 4 4 2 4 -1 4 -2 4 -2 4",24,1,128
1080,1,"1 2 4 3 4 -1 -2 4 4 4 -3 4",48,1,0
1081,1,"1 2 2 4 4 4 -1 4 4 4 -2 -2",24,1,0
1082,1,"1 2 4 2 4 -2 4 4 -1 4 -2 4",24,1,128
1083,1,"1 2 3 4 -3 4 4 -1 4 4 4 -2",48,1,0
1084,1,"1 2 2 4 -2 4 4 4 -1 4 4 -2",24,1,0
1085,1,"1 2 4 3 4 4 -2 4 -1 4 -3 4",48,1,128
1086,1,"1 1 4 -1 -1 4 4 -1 4 4 1 4",6,1,512
1087,1,"1 4 2 4 2 4 -2 4 4 -2 -1 4",24,1,128
1088,1,"1 2 3 4 -2 4 4 -1 -3 4 4 4",48,1,0
1089,1,"1 2 4 3 -2 4 -3 4 -1 4 4 4",48,1,128
1090,1,"1 2 4 3 4 -1 4 4 -3 4 -2 4",48,1,128
1091,1,"1 2 4 2 -1 4 -2 4 -2 4 4 4",24,1,0
1092,1,"1 4 2 4 -1 4 2 4 -2 4 4 -2",24,1,128
1093,1,"1 2 4 4 4 4 4 -2 4 4 -1 -4",24,1,-512
1094,1,"1 1 1 4 -1 -1 4 4 -1 4 4 4",6,1,1024
1095,1,"1 2 -1 4 4 4 -2 4 4 -2 4 2",24,1,256
1096,1,"1 2 4 4 -2 -1 4 4 2 4 4 -2",24,1,256
1097,1,"1 4 2 4 -2 -2 4 -1 4 2 4 4",24,1,256
1098,1,"1 2 2 4 -1 4 4 4 -2 4 -2 4",24,1,256
1099,1,"1 2 4 4 -1 -2 4 4 -2 4 4 2",24,1,256
1100,1,"1 2 3 4 -3 4 -2 -1 4 4 4 4",48,1,256
1101,1,"1 4 4 2 4 -2 -2 -1 4 4 4 2",24,1,0
1102,1,"1 2 4 4 -2 4 -1 3 4 4 -3 4",24,1,128
1103,1,"1 4 2 4 -1 4 -2 4 -2 4 4 2",24,1,128
1104,1,"1 4 4 2 -1 4 4 -2 -2 4 4 2",24,1,512
1105,1,"1 2 4 -1 4 4 2 4 -2 4 4 -2",24,1,0
1106,1,"1 2 4 4 -2 -1 4 2 4 4 -2 4",24,1,256
1107,1,"1 2 4 3 4 4 -3 -1 4 4 -2 4",48,1,128
1108,1,"1 2 2 4 4 4 -1 -2 4 -2 4 4",24,1,0
1109,1,"1 2 4 -2 4 -2 4 2 4 4 -1 4",24,1,128
1110,1,"1 2 3 -2 -3 -1 4 4 4 4 4 4",48,1,0
1111,1,"1 2 3 4 4 4 4 4 -3 4 -1 -2",48,1,-256
1112,1,"1 2 -1 4 3 4 -3 -2 4 4 4 4",48,1,0
1113,1,"1 2 -1 4 4 4 4 3 -2 4 -3 4",48,1,0
1114,1,"1 2 4 2 4 4 -2 -2 4 -1 4 4",24,1,256
1115,1,"1 2 3 -2 4 4 4 -1 4 4 -3 4",48,1,0
1116,1,"1 2 4 -1 4 3 -2 4 -3 4 4 4",48,1,128
1117,1,"1 2 -1 -2 4 4 4 4 4 -2 4 2",24,1,0
1118,1,"1 2 3 4 -3 4 4 4 -2 -1 4 4",48,1,256
1119,1,"1 2 4 3 -1 4 -2 -3 4 4 4 4",48,1,256
1120,1,"1 2 4 -2 4 2 4 4 -1 4 -2 4",24,1,128
1121,1,"1 2 3 -2 -3 4 4 4 -1 4 4 4",48,1,-256
1122,1,"1 2 3 4 -3 -1 4 -2 4 4 4 4",48,1,256
1123,1,"1 4 2 4 4 4 -1 4 4 4 -2 -4",24,1,0
1124,1,"1 2 2 4 -1 -2 4 4 4 4 -2 4",24,1,0
1125,1,"1 2 -1 -2 4 3 4 4 -3 4 4 4",48,1,-256
1126,1,"1 2 2 4 4 4 -2 4 4 -1 4 -2",24,1,0
1127,1,"1 2 -1 4 4 -2 4 4 3 4 -3 4",48,1,0
1128,1,"1 4 -1 4 4 -1 4 4 4 4 1 -4",6,1,512
1129,1,"1 1 4 -1 4 4 1 4 -1 4 -1 4",6,1,256
1130,1,"1 2 4 2 4 -2 -1 4 4 4 4 -2",24,1,256
1131,1,"1 2 4 -2 4 -1 -2 4 2 4 4 4",24,1,0
1132,1,"1 2 4 -2 4 4 -1 4 4 -2 4 2",24,1,256
1133,1,"1 2 4 4 2 -1 4 4 -2 -2 4 4",24,1,0
1134,1,"1 4 2 2 4 4 -1 4 -2 4 4 -2",24,1,256
1135,1,"1 4 -1 4 4 2 4 2 4 4 -2 -2",24,1,256
1136,1,"1 4 4 4 2 2 -1 4 4 4 -2 -2",12,1,0
1137,1,"1 2 3 4 -3 4 4 -2 -1 4 4 4",48,1,256
1138,1,"1 2 3 4 4 4 -2 4 -3 4 -1 4",48,1,128
1139,1,"1 2 -1 4 4 3 4 -2 -3 4 4 4",48,1,0
1140,1,"1 2 4 3 -1 4 -3 4 4 4 -2 4",48,1,128
1141,1,"1 2 4 2 4 4 -1 -2 4 -2 4 4",12,1,0
1142,1,"1 2 4 -2 -1 4 4 2 4 -2 4 4",24,1,256
1143,1,"1 2 4 4 -2 4 -2 4 4 2 -1 4",24,1,0
1144,1,"1 2 -1 -2 4 -2 4 4 2 4 4 4",24,1,-256
1145,1,"1 2 3 4 -2 4 -1 4 4 -3 4 4",48,1,128
1146,1,"1 2 4 -1 2 4 -2 4 4 -2 4 4",24,1,256
1147,1,"1 4 2 4 -1 4 2 4 4 -2 -2 4",24,1,256
1148,1,"1 2 4 -1 -2 4 4 2 4 -2 4 4",24,1,0
1149,1,"1 2 4 -1 4 -2 -2 4 4 4 2 4",24,1,256
1150,1,"1 2 4 -1 4 4 2 4 4 -2 -2 4",24,1,256
1151,1,"1 4 2 -1 4 4 4 4 -2 -2 4 2",24,1,512
1152,1,"1 2 4 -2 -2 4 -1 4 4 2 4 4",24,1,256
1153,1,"1 4 2 4 -2 -2 4 2 4 -1 4 4",24,1,256
1154,1,"1 2 3 -2 -1 4 4 4 4 4 -3 4",48,1,0
1155,1,"1 2 4 4 4 4 4 4 -1 -4 -2 4",24,1,-512
1156,1,"1 2 2 4 4 -2 -2 4 -1 4 4 4",24,1,512
1157,1,"1 2 3 -1 -2 4 4 4 4 4 -3 4",48,1,-256
1158,1,"1 2 -1 4 -2 4 -2 4 2 4 4 4",24,1,0
1159,1,"1 2 4 -2 4 4 -2 -1 4 4 4 2",24,1,256
1160,1,"1 4 2 4 -2 4 -2 4 2 -1 4 4",24,1,128
1161,1,"1 2 3 -1 4 4 4 4 -3 -2 4 4",48,1,0
1162,1,"1 2 4 -2 -2 4 4 2 4 4 -1 4",24,1,256
1163,1,"1 4 2 2 4 4 -2 4 4 -2 -1 4",24,1,256
1164,1,"1 4 2 4 2 4 -1 4 4 4 -2 -2",24,1,256
1165,1,"1 2 3 4 -1 4 4 -2 4 4 -3 4",48,1,128
1166,1,"1 2 2 4 -2 4 4 -1 -2 4 4 4",24,1,0
1167,1,"1 2 4 4 2 4 -2 4 -1 4 -2 4",24,1,128
1168,1,"1 2 4 4 4 -2 4 4 -2 -1 4 2",24,1,256
1169,1,"1 2 3 4 4 -3 4 4 -2 4 -1 4",48,1,128
1170,1,"1 2 2 4 4 4 4 -2 -1 4 4 -2",24,1,512
1171,1,"1 2 4 4 -2 4 4 -2 -1 4 4 2",24,1,256
1172,1,"1 4 -1 4 1 4 4 4 4 4 -1 -4",6,1,-512
1173,1,"1 2 -1 4 3 4 4 4 4 -2 -3 4",48,1,0
1174,1,"1 1 4 4 -1 4 -1 -1 4 4 1 4",3,1,512
1175,1,"1 4 2 -1 4 2 4 4 4 -2 4 -2",24,1,0
1176,1,"1 4 2 -1 4 4 2 4 -2 4 -2 4",24,1,128
1177,1,"1 2 3 -2 4 4 -3 4 4 4 -1 4",48,1,0
1178,1,"1 1 4 -1 4 -1 -1 4 4 1 4 4",6,1,512
1179,1,"1 4 4 2 2 4 -2 -2 -1 4 4 4",24,1,512
1180,1,"1 2 3 4 4 4 -3 -2 4 4 -1 4",48,1,256
1181,1,"1 2 4 3 -2 4 4 4 -3 -1 4 4",48,1,256
1182,1,"1 2 4 4 4 4 4 4 4 -1 -2 -4",24,1,-1024
1183,1,"1 2 2 -1 4 4 -2 4 -2 4 4 4",24,1,0
1184,1,"1 4 2 4 -2 -1 4 4 4 2 4 -2",24,1,256
1185,1,"1 4 2 2 4 4 4 -2 -1 4 4 -2",24,1,512
1186,1,"1 1 4 1 4 -1 -1 4 4 -1 4 4",6,1,512
1187,1,"1 2 -1 4 -2 4 4 4 4 2 4 -2",24,1,-256
1188,1,"1 4 2 4 4 -2 -2 4 2 4 -1 4",24,1,256
1189,1,"1 2 4 -1 3 4 4 -3 4 -2 4 4",48,1,128
1190,1,"1 2 2 -1 4 4 4 4 -2 -2 4 4",24,1,0
1191,1,"1 2 4 -1 4 4 -2 4 2 4 -2 4",24,1,128
1192,1,"1 2 3 -2 4 -3 4 4 4 -1 4 4",48,1,0
1193,1,"1 2 4 -1 -4 -2 4 4 4 4 4 4",24,1,-512
1194,1,"1 2 2 4 -2 -1 4 4 4 4 -2 4",24,1,512
1195,1,"1 2 3 4 -3 -2 -1 4 4 4 4 4",48,1,512
1196,1,"1 1 4 1 4 4 -1 4 -1 -1 4 4",6,1,512
1197,1,"1 2 -1 -2 4 4 4 4 2 4 -2 4",24,1,-256
1198,1,"1 2 4 4 -2 -2 4 2 4 4 -1 4",24,1,256
1199,1,"1 2 4 4 -2 4 -1 4 4 2 4 -2",24,1,0
1200,1,"1 4 -1 4 4 2 2 4 -2 4 4 -2",24,1,256
1201,1,"1 2 4 -2 -1 2 4 4 4 -2 4 4",24,1,256
1202,1,"1 2 4 4 4 4 -2 -2 -1 4 4 2",24,1,512
1203,1,"1 2 3 4 4 -2 4 -3 -1 4 4 4",48,1,256
1204,1,"1 2 3 4 4 -3 4 -2 4 -1 4 4",48,1,128
1205,1,"1 2 4 -1 4 -2 4 4 4 -2 4 2",24,1,256
1206,1,"1 2 4 -2 4 2 -1 4 -2 4 4 4",24,1,0
1207,1,"1 2 4 4 2 -1 -2 4 4 -2 4 4",24,1,-256
1208,1,"1 2 3 4 4 4 -2 -3 -1 4 4 4",48,1,256
1209,1,"1 1 1 4 -1 4 4 -1 4 -1 4 4",6,1,512
1210,1,"1 2 -1 4 4 2 4 4 4 -2 4 -2",24,1,-256
1211,1,"1 2 2 4 -2 4 4 4 -2 4 -1 4",24,1,256
1212,1,"1 2 2 -1 4 -2 -2 4 4 4 4 4",24,1,0
1213,1,"1 2 2 4 4 4 -2 -2 -1 4 4 4",24,1,1024
1214,1,"1 2 4 4 2 4 4 -2 -1 4 4 -2",24,1,256
1215,1,"1 4 2 -1 4 4 -2 4 4 -2 4 2",24,1,256
1216,1,"1 2 4 4 2 4 4 -2 -2 4 -1 4",24,1,256
1217,1,"1 2 4 4 4 2 -1 4 4 -2 4 -2",24,1,-256
1218,1,"1 4 -1 4 4 2 4 4 -2 -2 4 2",24,1,256
1219,1,"1 2 2 -1 4 -2 4 4 4 -2 4 4",24,1,0
1220,1,"1 4 2 4 -2 -1 4 -2 4 4 4 2",24,1,0
1221,1,"1 2 4 2 4 4 -1 4 -2 4 -2 4",24,1,128
1222,1,"1 2 4 3 4 4 4 -2 4 -1 -3 4",48,1,128
1223,1,"1 2 4 4 4 4 4 4 -2 -4 -1 4",24,1,512
1224,1,"1 2 4 -1 4 2 4 -2 -2 4 4 4",24,1,256
1225,1,"1 2 4 4 -2 4 2 -1 4 4 4 -2",24,1,-256
1226,1,"1 2 4 4 -2 -2 -1 4 4 2 4 4",24,1,512
1227,1,"1 2 4 -2 4 3 4 -3 4 4 -1 4",48,1,128
1228,1,"1 2 4 -2 4 4 -1 3 4 -3 4 4",24,1,128
1229,1,"1 4 2 4 3 4 -3 4 -2 4 -1 4",24,1,128
1230,1,"1 4 2 2 -1 4 4 4 4 4 -2 -2",24,1,0
1231,1,"1 2 3 4 -1 4 -3 4 -2 4 4 4",48,1,128
1232,1,"1 2 3 4 -2 4 -1 4 4 4 -3 4",48,1,128
1233,1,"1 2 4 3 4 -3 -2 4 4 4 -1 4",48,1,128
1234,1,"1 2 4 -1 4 4 2 4 4 4 -2 -2",24,1,0
1235,1,"1 2 4 -1 4 4 -2 -2 4 4 2 4",24,1,256
1236,1,"1 2 3 4 4 4 -1 4 -3 -2 4 4",48,1,256
1237,1,"1 1 -4 -1 4 -1 4 4 4 4 4 4",6,1,-1024
1238,1,"1 2 2 4 -2 -2 4 4 4 4 -1 4",24,1,512
1239,1,"1 2 4 -2 3 4 4 4 -1 -3 4 4",48,1,256
1240,1,"1 2 4 -2 4 -1 2 4 4 4 4 -2",24,1,256
1241,1,"1 2 4 4 4 -2 -2 -1 4 4 2 4",24,1,512
1242,1,"1 2 4 -2 4 -2 4 -1 4 2 4 4",24,1,128
1243,1,"1 4 2 4 -1 4 2 4 4 4 -2 -2",24,1,256
1244,1,"1 4 -1 4 4 2 4 -2 4 2 4 -2",24,1,128
1245,1,"1 2 4 -2 4 4 2 -1 4 4 -2 4",24,1,0
1246,1,"1 2 4 4 -1 4 4 2 4 -2 -2 4",24,1,256
1247,1,"1 2 4 3 4 4 -1 -3 4 4 -2 4",48,1,128
1248,1,"1 2 3 4 4 -1 4 -3 4 4 -2 4",48,1,128
1249,1,"1 2 4 3 4 -1 -2 4 -3 4 4 4",48,1,0
1250,1,"1 2 3 4 -3 4 -1 4 4 4 -2 4",48,1,128
1251,1,"1 2 4 -2 4 4 4 -1 2 4 4 -2",24,1,256
1252,1,"1 2 -1 -2 4 4 4 2 4 4 4 -2",24,1,-512
1253,1,"1 2 3 4 4 4 4 -3 -1 4 -2 4",48,1,256
1254,1,"1 2 3 -1 4 4 4 -3 -2 4 4 4",48,1,0
1255,1,"1 2 4 -2 4 3 4 -1 4 -3 4 4",48,1,128
1256,1,"1 1 4 1 4 4 -1 -1 4 4 -1 4",6,1,512
1257,1,"1 2 -1 4 2 4 4 -2 -2 4 4 4",24,1,0
1258,1,"1 2 4 -2 4 4 -1 2 4 4 4 -2",24,1,256
1259,1,"1 2 4 4 2 -1 4 4 4 -2 -2 4",24,1,0
1260,1,"1 2 4 -2 -1 4 2 4 4 4 -2 4",24,1,256
1261,1,"1 2 4 4 -1 -2 4 4 2 4 4 -2",24,1,-256
1262,1,"1 2 -1 -2 4 4 2 4 4 -2 4 4",24,1,-256
1263,1,"1 2 2 4 4 -1 4 -2 4 4 -2 4",24,1,256
1264,1,"1 4 2 2 4 -1 4 4 -2 4 4 -2",24,1,256
1265,1,"1 4 -1 4 4 4 1 -4 -1 4 4 4",6,1,-512
1266,1,"1 4 2 4 4 2 -1 4 4 -2 -2 4",24,1,256
1267,1,"1 2 4 4 -2 4 3 4 -3 4 -1 4",48,1,128
1268,1,"1 2 4 2 4 4 4 4 -1 4 -2 -2",24,1,0
1269,1,"1 4 4 2 -1 4 4 -2 4 -2 4 2",24,1,256
1270,1,"1 2 3 -1 4 4 4 -2 4 -3 4 4",48,1,0
1271,1,"1 4 2 -1 4 -2 -2 4 4 2 4 4",24,1,256
1272,1,"1 2 2 4 4 4 -1 4 4 -2 4 -2",24,1,0
1273,1,"1 2 2 4 4 4 -2 4 -1 -2 4 4",24,1,0
1274,1,"1 2 4 4 4 4 2 4 -1 4 -2 -2",24,1,0
1275,1,"1 1 4 -1 4 1 4 4 -1 -1 4 4",6,1,512
1276,1,"1 2 4 2 4 -1 -2 4 4 4 -2 4",24,1,0
1277,1,"1 2 4 -2 -1 4 4 4 -2 4 2 4",24,1,256
1278,1,"1 2 3 -2 4 4 4 -1 -3 4 4 4",48,1,-256
1279,1,"1 2 3 4 4 -2 4 4 4 -1 -3 4",48,1,0
1280,1,"1 2 4 3 4 4 -3 4 -2 -1 4 4",48,1,256
1281,1,"1 2 4 4 3 4 -2 -1 4 4 -3 4",24,1,256
1282,1,"1 4 2 4 4 4 4 -1 -4 -2 4 4",24,1,0
1283,1,"1 2 2 4 4 -2 4 4 -2 -1 4 4",24,1,512
1284,1,"1 2 4 -1 -2 4 4 4 -2 4 2 4",24,1,0
1285,1,"1 2 -1 2 4 4 4 -2 4 4 -2 4",24,1,256
1286,1,"1 2 4 2 4 4 -2 4 -1 4 -2 4",24,1,128
1287,1,"1 4 2 4 -2 -2 -1 4 4 4 4 2",24,1,0
1288,1,"1 4 2 2 4 4 -2 -1 4 -2 4 4",24,1,256
1289,1,"1 2 4 2 4 4 4 -2 -2 -1 4 4",24,1,512
1290,1,"1 4 2 4 -2 -1 4 -2 4 2 4 4",24,1,128
1291,1,"1 2 2 4 4 -2 4 -2 4 4 -1 4",24,1,256
1292,1,"1 2 4 2 4 4 4 -2 4 -2 -1 4",24,1,256
1293,1,"1 2 3 4 -2 4 4 4 4 -3 -1 4",48,1,256
1294,1,"1 2 4 4 -1 4 -2 4 4 2 4 -2",24,1,0
1295,1,"1 4 2 4 -1 4 -2 4 2 4 -2 4",24,1,128
1296,1,"1 2 4 -2 4 4 -1 3 4 4 -3 4",48,1,128
1297,1,"1 4 4 2 4 -2 -2 4 2 -1 4 4",24,1,256
1298,1,"1 2 -1 4 4 4 2 4 -2 4 4 -2",24,1,-256
1299,1,"1 2 4 4 2 4 4 -2 4 -2 -1 4",24,1,256
1300,1,"1 2 3 -2 -1 4 4 4 -3 4 4 4",48,1,0
1301,1,"1 2 4 -2 3 4 4 4 -1 4 -3 4",48,1,128
1302,1,"1 4 2 4 2 4 -2 4 -1 4 4 -2",24,1,128
1303,1,"1 4 4 2 -1 4 4 -2 -2 4 2 4",24,1,256
1304,1,"1 4 2 -1 4 4 2 4 4 -2 4 -2",24,1,0
1305,1,"1 2 4 3 4 -3 -1 4 4 -2 4 4",48,1,128
1306,1,"1 2 4 2 4 4 -1 4 -2 -2 4 4",24,1,256
1307,1,"1 4 2 4 -2 -2 -1 4 2 4 4 4",24,1,256
1308,1,"1 2 3 -1 -2 4 4 4 -3 4 4 4",48,1,-256
1309,1,"1 2 2 4 4 4 -2 -1 4 4 -2 4",24,1,512
1310,1,"1 2 4 2 4 4 -2 -1 4 -2 4 4",24,1,256
1311,1,"1 2 4 4 4 -2 4 4 2 -1 4 -2",24,1,-256
1312,1,"1 2 3 4 -1 4 4 -2 -3 4 4 4",48,1,0
1313,1,"1 2 4 -2 -1 2 4 4 4 4 4 -2",24,1,512
1314,1,"1 2 4 -2 -1 4 4 -2 4 4 4 2",24,1,256
1315,1,"1 2 4 -1 -2 4 4 -2 4 4 4 2",24,1,256
1316,1,"1 2 4 2 4 -2 4 4 -2 4 -1 4",24,1,128
1317,1,"1 4 -1 4 4 4 4 1 -4 -1 4 4",6,1,-512
1318,1,"1 4 2 4 2 4 -1 4 -2 4 4 -2",24,1,128
1319,1,"1 2 3 4 4 -3 4 4 -1 -2 4 4",48,1,0
1320,1,"1 2 -1 4 3 4 4 4 -3 -2 4 4",48,1,0
1321,1,"1 2 4 2 4 4 -2 4 -1 4 4 -2",24,1,0
1322,1,"1 4 4 2 -1 4 4 4 -2 -2 4 2",24,1,512
1323,1,"1 2 3 4 -2 4 4 -3 4 -1 4 4",48,1,128
1324,1,"1 2 3 4 4 4 -1 -3 -2 4 4 4",24,1,0
1325,1,"1 4 2 -4 -1 4 4 4 -2 4 4 4",24,1,0
1326,1,"1 2 -1 -2 4 2 4 4 4 4 -2 4",24,1,-256
1327,1,"1 2 3 -2 4 4 -1 4 4 -3 4 4",48,1,0
1328,1,"1 2 -1 4 4 4 -2 4 3 4 -3 4",48,1,0
1329,1,"1 2 4 2 4 4 -1 4 -2 4 4 -2",24,1,0
1330,1,"1 4 2 4 -2 4 -1 4 -2 4 4 2",24,1,128
1331,1,"1 2 4 -2 4 3 4 -1 4 4 -3 4",48,1,128
1332,1,"1 2 4 4 4 4 -2 -4 -1 4 4 4",24,1,512
1333,1,"1 2 -1 4 4 2 4 -2 4 4 -2 4",24,1,0
1334,1,"1 2 4 4 -2 4 -2 4 4 -1 4 2",24,1,256
1335,1,"1 2 4 -2 -1 4 -2 4 4 2 4 4",24,1,256
1336,1,"1 2 4 4 4 -2 4 2 -1 4 -2 4",24,1,0
1337,1,"1 4 2 2 -1 4 4 -2 -2 4 4 4",24,1,512
1338,1,"1 2 3 4 4 4 -1 -2 4 -3 4 4",48,1,0
1339,1,"1 1 4 1 4 -1 4 4 4 -1 -1 4",6,1,512
1340,1,"1 1 4 -1 4 1 4 -1 4 4 -1 4",6,1,256
1341,1,"1 2 -1 -2 4 4 -2 4 2 4 4 4",24,1,-256
1342,1,"1 4 -1 4 4 2 4 -2 4 -2 4 2",24,1,128
1343,1,"1 2 -1 4 4 4 2 4 -2 4 -2 4",24,1,0
1344,1,"1 2 4 3 4 -2 4 -3 4 4 -1 4",48,1,128
1345,1,"1 4 2 4 4 -1 -4 -2 4 4 4 4",24,1,0
1346,1,"1 4 2 2 -1 4 4 4 -2 4 -2 4",24,1,256
1347,1,"1 2 4 4 -1 4 3 4 -2 4 -3 4",48,1,128
1348,1,"1 2 3 -1 4 4 4 -2 4 4 -3 4",48,1,0
1349,1,"1 2 3 4 -3 -2 4 4 4 4 -1 4",48,1,256
1350,1,"1 2 3 4 -3 4 4 -1 4 -2 4 4",48,1,128
1351,1,"1 2 -1 4 4 4 4 2 4 4 -2 -2",24,1,-512
1352,1,"1 2 4 -2 -2 4 2 4 4 4 -1 4",24,1,256
1353,1,"1 2 4 4 2 4 -1 4 4 4 -2 -2",24,1,0
1354,1,"1 4 2 2 4 -2 4 4 4 -2 -1 4",24,1,256
1355,1,"1 4 2 4 4 -1 4 2 4 4 -2 -2",24,1,256
1356,1,"1 2 4 -1 4 -2 4 4 4 2 4 -2",24,1,0
1357,1,"1 2 4 -2 4 2 4 4 -2 4 -1 4",24,1,128
1358,1,"1 2 4 4 -2 4 -1 4 -2 4 2 4",24,1,128
1359,1,"1 1 4 -1 4 4 -1 -1 4 4 1 4",6,1,512
1360,1,"1 2 4 2 4 -2 4 -2 4 -1 4 4",24,1,128
1361,1,"1 2 -1 4 2 4 -2 4 4 4 -2 4",24,1,0
1362,1,"1 2 3 4 4 -2 -3 4 -1 4 4 4",48,1,0
1363,1,"1 4 4 2 4 4 4 -2 4 4 -1 -4",24,1,-512
1364,1,"1 2 4 2 -1 4 4 -2 4 4 4 -2",24,1,-256
1365,1,"1 2 -1 4 4 3 4 4 -2 -3 4 4",48,1,0
1366,1,"1 2 4 -1 2 4 4 -2 4 4 4 -2",24,1,256
1367,1,"1 1 1 4 4 -1 -1 4 -1 4 4 4",6,1,1024
1368,1,"1 4 -1 4 4 4 2 2 4 -2 -2 4",24,1,512
1369,1,"1 2 4 -1 4 3 4 4 -3 -2 4 4",48,1,128
1370,1,"1 2 4 -2 4 2 4 4 4 -1 4 -2",24,1,0
1371,1,"1 2 4 -2 4 4 4 -2 4 -1 4 2",24,1,256
1372,1,"1 2 4 3 -1 4 4 -3 4 -2 4 4",48,1,128
1373,1,"1 4 2 4 -1 4 -2 4 -2 4 2 4",24,1,128
1374,1,"1 4 2 -1 4 4 2 4 -2 -2 4 4",24,1,256
1375,1,"1 1 4 1 4 -1 4 -1 -1 4 4 4",6,1,512
1376,1,"1 4 2 2 4 -2 -2 4 4 4 -1 4",24,1,512
1377,1,"1 2 3 4 4 -1 4 -3 4 4 4 -2",48,1,0
1378,1,"1 2 3 4 -3 4 -1 4 4 4 4 -2",48,1,0
1379,1,"1 2 4 2 -1 4 4 -2 -2 4 4 4",24,1,0
1380,1,"1 2 4 3 4 -2 4 -1 4 -3 4 4",48,1,128
1381,1,"1 1 -4 -1 4 4 4 -1 4 4 4 4",6,1,-1024
1382,1,"1 4 -1 -4 2 4 4 4 -2 4 4 4",24,1,0
1383,1,"1 2 3 -1 -3 4 4 4 4 4 -2 4",48,1,-256
1384,1,"1 2 3 4 -2 4 -1 4 -3 4 4 4",48,1,128
1385,1,"1 2 3 4 4 4 4 -3 -1 4 4 -2",48,1,256
1386,1,"1 2 2 4 4 4 4 -1 -2 4 4 -2",24,1,-512
1387,1,"1 2 4 4 -2 4 4 -2 -1 4 2 4",24,1,256
1388,1,"1 2 4 4 2 4 -2 4 -2 4 -1 4",24,1,128
1389,1,"1 2 4 4 4 4 2 -1 4 -2 4 -2",24,1,-256
1390,1,"1 2 4 -2 -4 -1 4 4 4 4 4 4",24,1,512
1391,1,"1 2 -4 -2 4 4 4 4 4 4 -1 4",24,1,-512
1392,1,"1 2 -1 4 4 -2 4 4 4 -2 4 2",24,1,256
1393,1,"1 2 3 4 4 -1 -2 -3 4 4 4 4",48,1,-256
1394,1,"1 2 2 4 -1 4 4 -2 4 4 -2 4",24,1,256
1395,1,"1 4 2 4 2 -1 4 -2 4 -2 4 4",24,1,128
1396,1,"1 4 2 4 -2 -1 4 4 -2 4 2 4",24,1,128
1397,1,"1 2 4 -2 4 2 4 -2 4 -1 4 4",24,1,128
1398,1,"1 2 4 4 4 -2 -1 4 4 -2 4 2",24,1,256
1399,1,"1 4 2 2 4 4 4 -2 -2 4 -1 4",24,1,512
1400,1,"1 2 2 -1 -2 4 -2 4 4 4 4 4",24,1,-512
1401,1,"1 4 2 -1 4 -2 4 -2 4 4 2 4",24,1,128
1402,1,"1 2 2 4 4 -2 4 4 -1 4 -2 4",24,1,256
1403,1,"1 2 4 4 2 4 4 -2 -1 4 -2 4",24,1,256
1404,1,"1 2 4 -1 4 2 4 4 -2 4 4 -2",24,1,0
1405,1,"1 2 4 -2 4 4 -1 2 4 -2 4 4",12,1,256
1406,1,"1 2 4 -2 4 4 2 4 -2 -1 4 4",24,1,256
1407,1,"1 2 3 4 4 -1 -3 4 4 4 -2 4",48,1,0
1408,1,"1 2 2 -1 -2 4 4 4 4 -2 4 4",24,1,-512
1409,1,"1 2 2 4 4 -2 4 -1 4 4 4 -2",24,1,0
1410,1,"1 2 4 -1 -2 4 -2 4 4 4 2 4",24,1,0
1411,1,"1 2 4 2 4 4 4 -1 4 -2 4 -2",24,1,0
1412,1,"1 2 3 -2 4 4 -1 4 4 4 -3 4",48,1,0
1413,1,"1 2 3 4 4 4 -3 4 -1 4 -2 4",48,1,128
1414,1,"1 2 4 3 -2 4 4 4 -1 -3 4 4",48,1,0
1415,1,"1 2 4 2 4 4 4 -2 4 -1 4 -2",24,1,0
1416,1,"1 4 2 4 4 -1 4 4 4 4 -2 -4",24,1,0
1417,1,"1 2 4 2 -1 4 4 4 4 4 -2 -2",24,1,-512
1418,1,"1 2 3 -1 4 4 -3 4 -2 4 4 4",48,1,0
1419,1,"1 2 4 -1 4 4 -2 -2 4 2 4 4",24,1,256
1420,1,"1 2 4 -1 4 4 -2 4 -2 4 4 2",24,1,256
1421,1,"1 2 4 -2 4 -2 4 4 -1 4 2 4",24,1,128
1422,1,"1 2 3 4 4 4 -1 -2 4 4 -3 4",48,1,0
1423,1,"1 2 -1 4 4 2 4 4 4 -2 -2 4",24,1,0
1424,1,"1 2 2 4 4 -2 -1 4 -2 4 4 4",24,1,512
1425,1,"1 2 4 -2 -2 4 4 4 4 2 -1 4",24,1,0
1426,1,"1 4 2 4 4 2 4 4 -2 -2 -1 4",24,1,256
1427,1,"1 2 -1 4 3 4 4 -3 -2 4 4 4",48,1,0
1428,1,"1 4 4 2 4 4 4 -2 -4 -1 4 4",24,1,0
1429,1,"1 2 4 4 -1 4 2 4 4 4 -2 -2",24,1,0
1430,1,"1 2 -1 -2 -2 4 4 4 4 4 2 4",24,1,-512
1431,1,"1 2 4 -2 4 4 -2 4 4 2 -1 4",24,1,0
1432,1,"1 2 4 -2 4 4 -2 -1 4 2 4 4",24,1,256
1433,1,"1 2 4 4 -2 4 -2 4 -1 4 2 4",24,1,128
1434,1,"1 2 4 4 -2 4 4 2 4 -1 4 -2",24,1,0
1435,1,"1 2 4 4 -2 -2 4 4 4 -1 4 2",24,1,512
1436,1,"1 1 4 4 4 4 4 4 -1 4 -1 -4",6,1,-1024
1437,1,"1 2 -1 4 3 4 4 -2 4 -3 4 4",48,1,0
1438,1,"1 2 -4 -1 4 4 -2 4 4 4 4 4",24,1,-512
1439,1,"1 2 2 4 4 -1 -2 4 -2 4 4 4",24,1,0
1440,1,"1 2 4 -2 4 -2 4 -1 4 4 4 2",24,1,256
1441,1,"1 4 2 2 4 -1 4 -2 4 -2 4 4",24,1,256
1442,1,"1 4 4 2 2 -1 4 4 -2 4 -2 4",24,1,256
1443,1,"1 2 -1 4 4 4 -2 -2 4 4 4 2",24,1,512
1444,1,"1 4 2 2 4 4 -2 4 -2 4 -1 4",24,1,256
1445,1,"1 2 3 4 4 -2 4 4 -3 -1 4 4",48,1,256
1446,1,"1 2 -1 4 4 3 4 4 -2 4 -3 4",48,1,0
1447,1,"1 4 4 1 4 4 4 -1 4 4 -1 -4",6,1,-512
1448,1,"1 4 4 2 4 2 4 -2 -2 -1 4 4",24,1,256
1449,1,"1 2 -1 -2 -2 4 4 2 4 4 4 4",24,1,-512
1450,1,"1 2 4 -2 4 -1 4 -2 4 2 4 4",24,1,128
1451,1,"1 4 2 -1 4 2 4 4 -2 4 4 -2",24,1,0
1452,1,"1 2 4 -2 4 4 3 4 -3 4 -1 4",48,1,128
1453,1,"1 2 4 -1 4 -2 4 -2 4 2 4 4",24,1,128
1454,1,"1 4 2 4 -2 4 4 -2 -1 4 4 2",24,1,0
1455,1,"1 4 2 -4 -2 4 4 4 4 -1 4 4",24,1,-512
1456,1,"1 2 4 4 -2 -2 4 4 2 -1 4 4",24,1,0
1457,1,"1 2 -1 2 4 4 4 4 -2 -2 4 4",24,1,512
1458,1,"1 2 4 3 4 -2 4 -1 4 4 -3 4",48,1,128
1459,1,"1 2 4 -1 4 4 3 4 -2 -3 4 4",48,1,128
1460,1,"1 4 2 4 3 4 -1 4 -2 4 -3 4",8,1,128
1461,1,"1 2 2 4 4 4 4 -1 4 -2 -2 4",24,1,512
1462,1,"1 4 2 -1 4 -2 -2 4 2 4 4 4",24,1,256
1463,1,"1 4 2 2 4 4 4 -1 4 4 -2 -2",24,1,512
1464,1,"1 2 4 3 4 -3 4 4 4 -2 -1 4",48,1,256
1465,1,"1 1 1 4 4 4 -1 -1 4 -1 4 4",6,1,1024
1466,1,"1 2 -1 2 4 4 -2 4 -2 4 4 4",24,1,256
1467,1,"1 2 2 4 4 4 -2 -2 4 4 -1 4",24,1,512
1468,1,"1 2 4 4 4 -2 -2 4 4 2 -1 4",24,1,0
1469,1,"1 2 2 -1 4 4 -2 -2 4 4 4 4",24,1,0
1470,1,"1 4 2 4 2 4 -2 -1 4 4 -2 4",24,1,128
1471,1,"1 2 4 -1 4 3 4 -3 -2 4 4 4",48,1,128
1472,1,"1 2 4 -2 -1 4 4 4 4 2 4 -2",24,1,256
1473,1,"1 2 4 -2 4 4 2 4 -1 4 4 -2",24,1,0
1474,1,"1 2 -1 4 -2 4 4 -2 4 2 4 4",24,1,0
1475,1,"1 2 4 4 4 2 4 -1 4 -2 -2 4",24,1,256
1476,1,"1 4 2 4 4 4 2 -1 4 4 -2 -2",24,1,0
1477,1,"1 4 4 1 4 4 -1 -4 -1 4 4 4",6,1,512
1478,1,"1 2 2 -1 4 4 4 -2 4 -2 4 4",24,1,0
1479,1,"1 2 3 4 -2 -3 4 4 -1 4 4 4",48,1,0
1480,1,"1 2 4 -2 3 4 -3 -1 4 4 4 4",48,1,0
1481,1,"1 2 4 2 4 -2 4 4 -1 -2 4 4",24,1,0
1482,1,"1 2 4 4 -1 2 4 4 -2 -2 4 4",24,1,512
1483,1,"1 2 2 4 -2 4 4 4 -2 -1 4 4",24,1,512
1484,1,"1 2 3 4 4 4 4 -3 -2 4 -1 4",48,1,256
1485,1,"1 2 4 -1 4 3 4 -2 4 -3 4 4",48,1,128
1486,1,"1 1 4 -1 -1 4 4 -1 4 1 4 4",6,1,512
1487,1,"1 2 3 4 4 4 -2 4 4 -1 -3 4",48,1,0
1488,1,"1 2 4 4 -2 -1 -2 4 4 4 4 2",24,1,512
1489,1,"1 4 2 2 4 -2 4 -1 4 -2 4 4",24,1,256
1490,1,"1 2 3 -2 4 4 4 4 4 -3 -1 4",48,1,256
1491,1,"1 2 3 4 -2 4 -3 4 4 -1 4 4",48,1,128
1492,1,"1 2 4 3 4 -1 4 4 -3 -2 4 4",48,1,128
1493,1,"1 2 4 -1 2 4 4 4 -2 -2 4 4",24,1,512
1494,1,"1 1 1 4 -1 4 -1 4 4 -1 4 4",6,1,512
1495,1,"1 2 2 4 -2 4 4 -2 4 4 -1 4",24,1,256
1496,1,"1 4 2 4 4 4 4 -2 4 4 -1 -4",24,1,-512
1497,1,"1 2 4 3 -2 4 4 4 -1 4 -3 4",48,1,128
1498,1,"1 2 3 4 4 4 4 -2 4 -3 -1 4",48,1,256
1499,1,"1 2 4 -2 4 3 4 -1 -3 4 4 4",48,1,128
1500,1,"1 4 2 -1 4 -2 4 4 4 -2 4 2",24,1,256
1501,1,"1 2 3 4 4 -3 4 -1 4 4 -2 4",48,1,128
1502,1,"1 4 -1 4 1 -4 -1 4 4 4 4 4",6,1,-512
1503,1,"1 2 -1 2 4 -2 4 4 4 -2 4 4",24,1,256
1504,1,"1 2 4 4 -2 4 2 -1 -2 4 4 4",24,1,-256
1505,1,"1 4 4 2 -1 4 4 2 4 -2 -2 4",24,1,256
1506,1,"1 2 2 4 -2 -2 4 4 4 -1 4 4",24,1,512
1507,1,"1 2 4 -1 -2 4 4 4 2 4 4 -2",24,1,-256
1508,1,"1 2 4 4 -2 -1 -2 4 4 2 4 4",24,1,256
1509,1,"1 2 -1 4 -2 -2 4 4 4 2 4 4",24,1,0
1510,1,"1 2 -1 4 -2 4 4 -2 4 4 4 2",24,1,256
1511,1,"1 2 4 4 4 4 -1 4 2 4 -2 -2",24,1,0
1512,1,"1 2 4 3 4 -2 -3 4 4 4 -1 4",48,1,128
1513,1,"1 2 4 -2 4 -2 4 -1 2 4 4 4",24,1,256
1514,1,"1 2 3 -1 4 4 4 -2 -3 4 4 4",48,1,0
1515,1,"1 2 4 3 4 4 -2 -3 4 -1 4 4",48,1,128
1516,1,"1 4 -1 4 4 1 4 4 4 4 -1 -4",6,1,-512
1517,1,"1 2 4 4 -2 4 -1 -2 4 4 4 2",24,1,256
1518,1,"1 2 3 -2 4 4 4 -3 4 -1 4 4",48,1,0
1519,1,"1 2 4 -1 3 4 4 4 -3 4 -2 4",48,1,128
1520,1,"1 2 4 -2 4 -1 4 -2 4 4 4 2",24,1,256
1521,1,"1 2 -1 4 3 4 4 -2 4 4 -3 4",48,1,0
1522,1,"1 2 4 2 4 4 -2 4 -2 4 -1 4",24,1,128
1523,1,"1 2 4 -2 4 2 4 4 -1 -2 4 4",24,1,0
1524,1,"1 2 4 -2 4 -2 -1 4 4 2 4 4",24,1,256
1525,1,"1 2 3 4 -1 -3 4 4 4 4 -2 4",48,1,0
1526,1,"1 4 -1 -4 1 4 4 -1 4 4 4 4",6,1,-512
1527,1,"1 1 1 4 4 -1 4 4 -1 4 -1 4",6,1,512
1528,1,"1 2 -4 -2 4 4 4 -1 4 4 4 4",24,1,-512
1529,1,"1 2 4 4 4 4 -1 4 -2 -2 4 2",24,1,512
1530,1,"1 4 2 4 -2 4 2 4 -2 4 -1 4",24,1,128
1531,1,"1 2 4 3 -1 4 -3 4 4 -2 4 4",48,1,128
1532,1,"1 2 3 4 -3 4 4 4 4 4 -1 -2",48,1,-256
1533,1,"1 2 4 -2 -2 4 4 4 -1 4 4 2",24,1,512
1534,1,"1 4 2 -1 4 -2 -2 4 4 4 4 2",24,1,512
1535,1,"1 2 3 4 4 -1 -3 4 4 4 4 -2",48,1,-256
1536,1,"1 4 2 4 3 4 -1 4 -3 4 -2 4",24,1,128
1537,1,"1 2 -1 4 4 -2 -2 4 4 4 2 4",24,1,0
1538,1,"1 4 2 2 4 -2 -1 4 4 4 -2 4",24,1,256
1539,1,"1 2 3 4 -2 4 4 4 -3 4 -1 4",48,1,128
1540,1,"1 2 3 4 -1 4 4 4 -2 -3 4 4",48,1,0
1541,1,"1 2 4 -1 4 4 3 4 -2 4 -3 4",48,1,128
1542,1,"1 2 4 4 2 4 -2 -1 4 4 4 -2",24,1,256
1543,1,"1 2 3 4 4 4 -3 4 -1 4 4 -2",48,1,0
1544,1,"1 2 4 -2 4 3 -1 4 4 -3 4 4",48,1,128
1545,1,"1 2 -1 4 4 -2 4 4 4 2 4 -2",24,1,-256
1546,1,"1 2 4 -2 4 4 -1 4 -2 4 2 4",24,1,128
1547,1,"1 2 4 3 4 4 -2 -3 4 4 -1 4",48,1,128
1548,1,"1 2 4 2 4 -1 4 4 4 -2 -2 4",24,1,256
1549,1,"1 2 4 4 4 -1 4 2 4 4 -2 -2",24,1,0
1550,1,"1 4 2 4 2 -1 4 -2 4 4 4 -2",24,1,0
1551,1,"1 2 4 4 -1 -2 4 4 -2 4 2 4",24,1,0
1552,1,"1 2 4 4 -1 4 4 2 4 -2 4 -2",24,1,0
1553,1,"1 4 2 4 -2 -2 4 4 -1 4 4 2",24,1,256
1554,1,"1 2 3 4 -3 4 -2 4 4 4 -1 4",48,1,128
1555,1,"1 2 -1 4 2 4 4 -2 4 4 4 -2",24,1,-256
1556,1,"1 2 4 4 4 -2 -1 4 4 2 4 -2",24,1,256
1557,1,"1 4 2 4 -2 4 4 -2 4 2 -1 4",24,1,128
1558,1,"1 4 4 2 -1 4 4 2 4 -2 4 -2",24,1,0
1559,1,"1 2 4 4 2 4 -1 -2 4 4 4 -2",24,1,-256
1560,1,"1 2 4 -1 4 3 4 -2 4 4 -3 4",48,1,128
1561,1,"1 2 -1 4 4 -2 4 2 4 4 -2 4",24,1,0
1562,1,"1 2 4 2 4 -1 4 -2 4 4 4 -2",24,1,0
1563,1,"1 4 4 2 2 4 -2 -2 4 -1 4 4",24,1,512
1564,1,"1 2 3 -2 4 4 -1 4 -3 4 4 4",48,1,0
1565,1,"1 2 -4 -1 4 -2 4 4 4 4 4 4",24,1,-512
1566,1,"1 2 2 4 -1 4 -2 4 -2 4 4 4",24,1,256
1567,1,"1 2 2 4 4 -2 4 -2 4 -1 4 4",24,1,256
1568,1,"1 2 4 4 4 4 -2 -1 4 -2 4 2",24,1,256
1569,1,"1 4 1 4 -1 -4 -1 4 4 4 4 4",6,1,512
1570,1,"1 4 2 4 -2 -2 -1 4 4 4 2 4",24,1,256
1571,1,"1 4 -1 4 4 4 4 2 2 4 -2 -2",24,1,512
1572,1,"1 2 4 4 -2 -1 4 2 4 4 4 -2",24,1,256
1573,1,"1 2 4 4 4 -1 4 -2 -2 4 4 2",24,1,512
1574,1,"1 2 3 4 4 4 -1 -2 -3 4 4 4",24,1,-256
1575,1,"1 2 2 4 -1 4 4 4 -2 -2 4 4",24,1,512
1576,1,"1 2 4 2 4 4 4 -2 -1 -2 4 4",24,1,256
1577,1,"1 2 4 3 4 -3 4 4 4 -1 -2 4",48,1,0
1578,1,"1 2 4 3 4 4 -2 -1 4 -3 4 4",24,1,256
1579,1,"1 2 4 -2 -1 4 4 4 2 4 -2 4",24,1,256
1580,1,"1 2 -1 4 3 4 -3 4 -2 4 4 4",48,1,0
1581,1,"1 2 4 4 3 4 -1 4 -3 4 -2 4",48,1,128
1582,1,"1 4 4 4 4 4 4 4 4 -1 -4 -4",6,1,-2048
1583,1,"1 2 4 3 4 -1 4 -3 -2 4 4 4",48,1,128
1584,1,"1 2 4 -1 -2 4 4 4 2 4 -2 4",24,1,0
1585,1,"1 2 4 4 4 4 -2 -2 4 -1 4 2",24,1,512
1586,1,"1 2 -1 4 4 2 4 4 -2 4 4 -2",24,1,-256
1587,1,"1 2 3 4 -3 -1 4 4 -2 4 4 4",48,1,256
1588,1,"1 2 2 4 -1 -2 -2 4 4 4 4 4",24,1,0
1589,1,"1 2 2 4 -2 4 4 4 -1 4 -2 4",24,1,256
1590,1,"1 2 3 4 4 4 4 -1 -2 4 -3 4",48,1,0
1591,1,"1 2 2 4 4 4 -2 -2 4 -1 4 4",24,1,512
1592,1,"1 2 4 2 4 -2 4 -1 4 4 4 -2",24,1,0
1593,1,"1 2 4 -2 4 4 4 -1 4 -2 4 2",24,1,256
1594,1,"1 4 2 -1 4 2 4 4 4 4 -2 -2",24,1,0
1595,1,"1 2 2 4 4 4 -1 4 -2 -2 4 4",24,1,512
1596,1,"1 2 4 2 4 4 4 4 -2 -2 -1 4",24,1,512
1597,1,"1 2 4 4 4 2 -1 4 -2 4 4 -2",24,1,-256
1598,1,"1 4 2 4 -2 4 -2 4 2 4 -1 4",24,1,128
1599,1,"1 2 2 4 -2 4 4 -1 4 4 4 -2",24,1,0
1600,1,"1 4 4 2 4 2 -1 4 4 -2 4 -2",12,1,0
1601,1,"1 2 4 3 4 -1 4 -2 4 -3 4 4",48,1,128
1602,1,"1 4 -1 -4 -1 4 4 1 4 4 4 4",6,1,512
1603,1,"1 2 2 4 -1 -2 4 4 4 -2 4 4",24,1,0
1604,1,"1 2 4 3 -1 4 -2 4 4 -3 4 4",48,1,128
1605,1,"1 2 -1 4 4 4 -2 4 -2 4 4 2",24,1,256
1606,1,"1 4 2 2 4 4 -1 4 -2 4 -2 4",24,1,256
1607,1,"1 4 -1 4 4 2 2 4 4 4 -2 -2",24,1,512
1608,1,"1 2 -1 4 4 -2 3 4 4 -3 4 4",48,1,0
1609,1,"1 2 4 4 -2 -2 4 -1 4 2 4 4",24,1,256
1610,1,"1 2 4 -2 4 -1 -2 4 4 4 2 4",24,1,0
1611,1,"1 4 2 4 -1 4 4 4 -2 -2 4 2",24,1,256
1612,1,"1 2 2 4 -2 4 -1 4 -2 4 4 4",24,1,256
1613,1,"1 4 2 4 4 -2 -2 -1 4 4 4 2",24,1,0
1614,1,"1 4 -1 4 4 4 2 4 4 4 -2 -4",24,1,0
1615,1,"1 2 4 -2 4 4 -2 4 -1 4 2 4",24,1,128
1616,1,"1 2 4 4 4 -2 -2 4 -1 4 2 4",24,1,256
1617,1,"1 2 3 4 -1 4 4 4 -2 4 -3 4",48,1,128
1618,1,"1 2 4 3 4 -2 4 -1 -3 4 4 4",48,1,128
1619,1,"1 2 -1 -2 4 -2 4 4 4 4 2 4",24,1,-256
1620,1,"1 2 4 -1 4 2 4 4 4 -2 -2 4",24,1,256
1621,1,"1 1 1 4 4 4 4 -1 4 -1 -1 4",6,1,1024
1622,1,"1 2 4 -2 4 -2 4 2 4 -1 4 4",24,1,128
1623,1,"1 2 4 -2 4 3 -1 4 4 4 -3 4",48,1,128
1624,1,"1 2 2 -1 4 4 -2 4 4 4 4 -2",24,1,-512
1625,1,"1 2 3 4 4 4 4 4 -3 -1 4 -2",48,1,256
1626,1,"1 2 4 -2 4 4 4 -2 -1 2 4 4",24,1,256
1627,1,"1 2 3 4 4 -3 4 -1 4 4 4 -2",48,1,0
1628,1,"1 2 -1 4 4 -2 4 -2 4 4 2 4",24,1,0
1629,1,"1 2 4 -2 4 4 2 -1 4 -2 4 4",24,1,0
1630,1,"1 2 -1 -2 4 4 4 4 -2 4 4 2",24,1,0
1631,1,"1 2 -1 4 -2 4 -2 4 4 4 2 4",24,1,0
1632,1,"1 2 2 -1 4 4 4 4 4 -2 4 -2",24,1,-512
1633,1,"1 2 4 4 4 -2 4 -2 4 -1 4 2",24,1,256
1634,1,"1 4 2 -1 4 2 4 -2 4 -2 4 4",24,1,128
1635,1,"1 2 3 4 4 -1 4 -3 4 -2 4 4",48,1,128
1636,1,"1 2 4 3 4 4 -1 -3 4 -2 4 4",24,1,128
1637,1,"1 2 2 4 4 4 -2 4 4 -1 -2 4",24,1,0
1638,1,"1 2 3 4 -3 4 -1 4 4 -2 4 4",48,1,128
1639,1,"1 1 4 -1 4 4 1 4 -1 -1 4 4",6,1,512
1640,1,"1 2 4 -2 4 4 -1 4 -2 4 4 2",24,1,256
1641,1,"1 4 2 2 4 -2 4 4 -2 4 -1 4",24,1,256
1642,1,"1 4 4 2 -1 4 4 4 2 4 -2 -2",24,1,0
1643,1,"1 2 3 4 4 4 -2 4 -3 -1 4 4",48,1,256
1644,1,"1 2 3 4 4 4 -3 4 -2 4 -1 4",48,1,128
1645,1,"1 2 4 -1 2 4 -2 -2 4 4 4 4",24,1,512
1646,1,"1 2 3 4 4 -3 -2 -1 4 4 4 4",48,1,512
1647,1,"1 1 1 4 -1 4 4 4 4 -1 -1 4",6,1,1024
1648,1,"1 2 -1 -2 -2 4 2 4 4 4 4 4",24,1,-512
1649,1,"1 4 2 2 -1 4 -2 4 4 -2 4 4",24,1,256
1650,1,"1 4 2 4 2 4 -2 -2 -1 4 4 4",24,1,256
1651,1,"1 2 3 4 -1 -3 4 4 4 4 4 -2",48,1,-256
1652,1,"1 2 4 -2 -1 4 2 4 4 -2 4 4",24,1,256
1653,1,"1 2 4 4 -2 -2 4 2 4 -1 4 4",24,1,256
1654,1,"1 2 4 2 4 -2 4 -1 4 4 -2 4",24,1,128
1655,1,"1 4 2 2 4 4 4 -2 -1 4 -2 4",24,1,256
1656,1,"1 4 4 2 4 4 -2 -4 -1 4 4 4",24,1,0
1657,1,"1 2 2 4 -2 -1 -2 4 4 4 4 4",24,1,512
1658,1,"1 2 4 2 4 4 4 -1 4 4 -2 -2",24,1,0
1659,1,"1 2 4 4 -2 4 -1 4 2 4 -2 4",24,1,128
1660,1,"1 2 4 4 -2 4 4 -1 4 2 4 -2",24,1,0
1661,1,"1 1 4 1 4 -1 -1 4 -1 4 4 4",6,1,512
1662,1,"1 2 -1 -2 4 4 4 -2 4 2 4 4",24,1,-256
1663,1,"1 2 4 4 4 -2 -2 4 2 4 -1 4",24,1,256
1664,1,"1 4 -1 4 4 4 2 2 4 -2 4 -2",24,1,256
1665,1,"1 2 3 4 4 -3 4 4 -2 -1 4 4",48,1,256
1666,1,"1 2 -1 4 4 4 3 4 4 -3 -2 4",48,1,0
1667,1,"1 2 4 3 -2 4 -3 -1 4 4 4 4",48,1,256
1668,1,"1 2 4 3 4 4 -2 -1 4 4 -3 4",48,1,256
1669,1,"1 2 2 4 4 4 4 -2 -1 4 -2 4",24,1,512
1670,1,"1 2 3 -2 4 -3 4 4 -1 4 4 4",48,1,0
1671,1,"1 2 -1 4 4 3 4 -3 4 4 -2 4",48,1,0
1672,1,"1 2 2 4 -2 -1 4 4 4 -2 4 4",24,1,512
1673,1,"1 2 4 -2 -2 4 4 2 4 -1 4 4",24,1,256
1674,1,"1 2 4 4 4 4 2 -1 4 4 -2 -2",24,1,-512
1675,1,"1 2 3 4 -1 -3 -2 4 4 4 4 4",48,1,0
1676,1,"1 1 1 4 -1 -1 4 -1 4 4 4 4",6,1,1024
1677,1,"1 1 4 -1 4 -1 4 1 4 4 -1 4",6,1,256
1678,1,"1 2 4 3 4 -2 -1 4 4 -3 4 4",48,1,256
1679,1,"1 2 4 2 4 -1 -2 4 4 -2 4 4",24,1,0
1680,1,"1 2 4 -2 4 -1 4 4 4 2 4 -2",24,1,0
1681,1,"1 2 3 4 4 -3 4 -2 -1 4 4 4",48,1,256
1682,1,"1 2 4 -1 -2 4 2 4 4 4 -2 4",24,1,0
1683,1,"1 2 4 4 4 2 4 -1 4 -2 4 -2",24,1,0
1684,1,"1 2 3 -2 4 4 -3 4 4 -1 4 4",48,1,0
1685,1,"1 2 -1 4 3 4 4 -2 -3 4 4 4",48,1,0
1686,1,"1 1 1 4 -1 4 4 -1 -1 4 4 4",6,1,1024
1687,1,"1 2 -1 4 4 4 4 4 -2 -2 4 2",24,1,512
1688,1,"1 2 3 4 4 -2 4 4 -1 -3 4 4",48,1,0
1689,1,"1 2 4 2 4 4 -2 4 -1 -2 4 4",24,1,0
1690,1,"1 2 4 4 4 2 4 -2 4 -1 4 -2",24,1,0
1691,1,"1 4 2 4 -2 -2 4 -1 4 4 4 2",24,1,256
1692,1,"1 4 2 4 -1 4 4 -2 -2 4 4 2",24,1,256
1693,1,"1 2 4 3 4 -1 4 -2 4 4 -3 4",48,1,128
1694,1,"1 2 3 4 4 4 -3 -2 4 -1 4 4",48,1,256
1695,1,"1 2 4 3 -1 4 -2 4 4 4 -3 4",48,1,128
1696,1,"1 2 2 4 4 4 -1 -2 -2 4 4 4",12,1,0
1697,1,"1 2 4 2 4 4 4 -2 -2 4 -1 4",24,1,256
1698,1,"1 4 2 4 4 4 -2 -2 4 2 -1 4",24,1,256
1699,1,"1 2 4 4 4 4 4 4 -1 4 -2 -4",24,1,-512
1700,1,"1 4 2 4 -2 -1 4 4 2 4 4 -2",24,1,256
1701,1,"1 2 -1 4 4 -2 3 4 4 4 -3 4",48,1,0
1702,1,"1 2 4 4 3 -2 4 4 -3 4 -1 4",48,1,128
1703,1,"1 2 4 4 4 -2 -4 -1 4 4 4 4",24,1,512
1704,1,"1 2 4 4 3 -1 4 4 -2 -3 4 4",16,1,256
1705,1,"1 2 -1 4 -2 4 4 4 2 4 4 -2",24,1,-256
1706,1,"1 2 4 4 2 4 -2 4 4 -2 -1 4",24,1,256
1707,1,"1 4 2 4 4 -2 -1 4 4 -2 4 2",24,1,0
1708,1,"1 2 4 -2 4 2 4 -1 4 4 -2 4",24,1,128
1709,1,"1 2 3 -2 -3 4 4 -1 4 4 4 4",48,1,-256
1710,1,"1 2 4 3 -1 4 4 4 -3 4 -2 4",48,1,128
1711,1,"1 4 2 -1 4 4 2 4 -2 4 4 -2",24,1,0
1712,1,"1 2 4 4 -2 4 -1 4 2 4 4 -2",24,1,0
1713,1,"1 2 4 2 4 -1 4 4 -2 -2 4 4",24,1,256
1714,1,"1 2 4 4 4 -1 4 2 4 -2 -2 4",24,1,256
1715,1,"1 2 2 4 4 4 4 4 -2 -1 4 -2",24,1,512
1716,1,"1 2 4 -1 4 -2 4 4 -2 4 4 2",24,1,256
1717,1,"1 2 2 4 4 -2 -1 -2 4 4 4 4",24,1,512
1718,1,"1 2 4 -2 4 -1 4 4 3 4 -3 4",48,1,128
1719,1,"1 4 2 -1 4 4 -2 4 -2 4 4 2",24,1,256
1720,1,"1 2 3 -1 4 -3 4 4 4 4 -2 4",48,1,0
1721,1,"1 2 4 -1 4 -2 4 4 3 4 -3 4",48,1,128
1722,1,"1 4 -1 4 4 4 4 4 1 4 -1 -4",6,1,-512
1723,1,"1 2 -1 -2 -2 4 4 4 4 2 4 4",24,1,-512
1724,1,"1 2 -1 -2 4 2 4 4 4 -2 4 4",24,1,-256
1725,1,"1 2 4 -1 4 3 4 -2 -3 4 4 4",48,1,128
1726,1,"1 2 4 4 -1 4 -2 4 3 4 -3 4",48,1,128
1727,1,"1 2 4 -1 2 4 4 -2 -2 4 4 4",24,1,512
1728,1,"1 2 3 4 4 -1 4 4 4 -3 -2 4",48,1,256
1729,1,"1 1 4 -1 -1 4 1 4 4 4 -1 4",6,1,512
1730,1,"1 2 3 -2 4 4 4 4 -3 4 -1 4",48,1,0
1731,1,"1 2 4 -2 4 3 4 -3 4 -1 4 4",48,1,128
1732,1,"1 2 -1 4 4 2 4 -2 4 -2 4 4",24,1,0
1733,1,"1 2 4 4 -2 4 -2 4 -1 4 4 2",24,1,256
1734,1,"1 2 4 3 4 -3 -2 4 4 -1 4 4",48,1,128
1735,1,"1 2 2 4 4 -1 -2 -2 4 4 4 4",24,1,0
1736,1,"1 2 2 4 4 -2 4 4 4 -1 4 -2",24,1,0
1737,1,"1 4 2 2 4 -1 4 -2 -2 4 4 4",24,1,512
1738,1,"1 4 4 2 2 -1 4 4 -2 -2 4 4",24,1,512
1739,1,"1 2 -1 2 4 4 4 -2 -2 4 4 4",24,1,512
1740,1,"1 2 -1 4 -2 4 4 4 3 4 -3 4",48,1,0
1741,1,"1 4 1 4 4 4 4 4 -1 4 -1 -4",6,1,-512
1742,1,"1 2 4 4 -1 4 2 4 -2 4 -2 4",24,1,128
1743,1,"1 2 3 -1 4 4 4 4 -2 -3 4 4",48,1,0
1744,1,"1 2 3 4 4 4 4 -2 -3 4 -1 4",48,1,0
1745,1,"1 2 4 -2 4 4 4 2 -1 -2 4 4",24,1,-256
1746,1,"1 2 4 4 -1 4 4 -2 4 -2 4 2",24,1,256
1747,1,"1 2 2 4 4 -1 4 -2 4 -2 4 4",24,1,256
1748,1,"1 4 2 2 4 -1 4 4 -2 4 -2 4",24,1,256
1749,1,"1 4 4 2 2 -1 4 4 4 -2 4 -2",24,1,0
1750,1,"1 1 -4 -1 4 4 4 4 -1 4 4 4",6,1,-1024
1751,1,"1 2 4 -1 2 4 -2 4 4 4 -2 4",24,1,256
1752,1,"1 2 4 4 2 -1 4 4 4 -2 4 -2",24,1,-256
1753,1,"1 2 4 -2 -1 2 4 4 4 4 -2 4",24,1,256
1754,1,"1 2 4 4 -1 4 2 4 4 -2 -2 4",24,1,256
1755,1,"1 2 4 -1 4 -2 -2 4 4 2 4 4",24,1,256
1756,1,"1 4 4 -1 4 4 1 -4 -1 4 4 4",6,1,-512
1757,1,"1 1 4 -1 4 4 -1 -1 4 1 4 4",3,1,512
1758,1,"1 2 4 3 4 -2 -1 4 4 4 -3 4",48,1,256
1759,1,"1 2 4 4 4 -1 4 2 4 -2 4 -2",24,1,0
1760,1,"1 2 4 3 4 -1 -3 4 -2 4 4 4",48,1,128
1761,1,"1 2 4 4 -2 3 4 4 -3 4 -1 4",48,1,128
1762,1,"1 2 -1 4 2 4 -2 4 4 -2 4 4",24,1,0
1763,1,"1 2 3 4 4 -2 4 4 -1 4 -3 4",48,1,128
1764,1,"1 2 4 2 -1 4 -2 -2 4 4 4 4",24,1,0
1765,1,"1 2 4 -2 4 2 4 4 -1 4 4 -2",24,1,0
1766,1,"1 2 4 -2 4 4 4 -2 -1 4 4 2",24,1,256
1767,1,"1 2 4 -2 3 4 4 -3 4 4 -1 4",48,1,128
1768,1,"1 1 4 1 4 4 -1 -1 4 -1 4 4",3,1,512
1769,1,"1 2 -1 2 4 4 4 -2 4 -2 4 4",24,1,256
1770,1,"1 4 2 4 -2 -2 4 2 -1 4 4 4",24,1,256
1771,1,"1 2 2 4 -2 4 4 -2 4 -1 4 4",24,1,256
1772,1,"1 2 -1 4 4 -2 4 3 4 -3 4 4",48,1,0
1773,1,"1 2 4 4 3 -1 4 4 -2 4 -3 4",48,1,128
1774,1,"1 2 4 4 4 -1 4 -2 -2 4 2 4",24,1,256
1775,1,"1 4 2 2 4 -2 -2 -1 4 4 4 4",24,1,512
1776,1,"1 4 2 4 -2 4 -1 4 4 2 4 -2",24,1,128
1777,1,"1 2 2 -1 4 -2 4 4 -2 4 4 4",24,1,0
1778,1,"1 2 4 4 -1 4 4 -2 4 2 4 -2",24,1,0
1779,1,"1 4 2 2 4 4 -2 4 -1 4 4 -2",24,1,256
1780,1,"1 2 4 -1 4 4 4 -2 3 4 -3 4",48,1,128
1781,1,"1 2 4 4 2 -1 4 -2 4 -2 4 4",24,1,0
1782,1,"1 2 3 4 4 -3 -1 4 4 4 -2 4",48,1,256
1783,1,"1 4 -1 -4 1 4 4 4 4 -1 4 4",6,1,-512
1784,1,"1 2 2 4 4 4 -2 -1 4 -2 4 4",24,1,512
1785,1,"1 2 4 4 4 -2 4 2 4 -1 4 -2",24,1,0
1786,1,"1 2 4 3 4 4 4 -3 4 -2 -1 4",48,1,256
1787,1,"1 4 2 4 2 4 4 -2 -1 4 4 -2",24,1,256
1788,1,"1 2 3 4 -1 -2 4 -3 4 4 4 4",48,1,0
1789,1,"1 2 4 3 -1 4 4 4 4 -3 -2 4",48,1,0
1790,1,"1 2 4 -1 4 2 4 4 4 4 -2 -2",24,1,0
1791,1,"1 2 3 4 -2 -1 4 -3 4 4 4 4",48,1,256
1792,1,"1 2 3 4 -3 4 4 4 4 -2 -1 4",48,1,256
1793,1,"1 4 -1 4 4 4 4 4 -1 4 1 -4",6,1,512
1794,1,"1 2 4 4 -2 -2 -1 4 4 4 4 2",24,1,512
1795,1,"1 4 2 4 4 2 -1 4 4 -2 4 -2",24,1,0
1796,1,"1 2 4 -2 3 4 4 -1 4 -3 4 4",48,1,128
1797,1,"1 2 4 -2 4 -2 -1 4 2 4 4 4",24,1,256
1798,1,"1 2 3 4 4 -1 -3 4 4 -2 4 4",48,1,0
1799,1,"1 2 4 4 4 4 -2 -2 -1 4 2 4",24,1,512
1800,1,"1 2 4 2 4 4 4 -1 -2 4 4 -2",24,1,-256
1801,1,"1 2 4 4 -2 -1 4 -2 4 2 4 4",24,1,256
1802,1,"1 4 2 4 -2 4 2 -1 4 4 4 -2",24,1,0
1803,1,"1 2 3 4 -2 4 4 -3 -1 4 4 4",48,1,256
1804,1,"1 2 -1 4 4 2 4 4 -2 4 -2 4",24,1,0
1805,1,"1 2 4 -1 3 4 -3 4 4 -2 4 4",48,1,128
1806,1,"1 4 4 2 4 4 -1 -4 -2 4 4 4",24,1,0
1807,1,"1 2 3 4 4 4 -1 4 -2 -3 4 4",48,1,0
1808,1,"1 2 3 4 4 4 -3 4 -1 -2 4 4",48,1,0
1809,1,"1 2 4 2 4 4 4 -2 -1 4 4 -2",24,1,256
1810,1,"1 2 4 4 -1 4 -2 4 2 4 4 -2",24,1,0
1811,1,"1 4 2 4 4 -2 -2 4 2 -1 4 4",24,1,256
1812,1,"1 2 4 4 4 -2 -1 4 -2 4 2 4",24,1,256
1813,1,"1 2 3 -1 4 4 4 4 -2 4 -3 4",48,1,0
1814,1,"1 2 -1 4 4 3 -2 -3 4 4 4 4",48,1,0
1815,1,"1 2 2 -1 4 4 4 4 4 4 -2 -2",24,1,-1024
1816,1,"1 1 4 1 4 -1 4 4 -1 4 -1 4",6,1,256
1817,1,"1 2 -1 2 4 4 4 4 4 4 -2 -2",24,1,0
1818,1,"1 2 -1 -2 4 4 2 4 4 4 4 -2",24,1,-512
1819,1,"1 2 4 4 -2 -2 -1 4 2 4 4 4",24,1,512
1820,1,"1 4 2 2 4 -1 4 4 4 4 -2 -2",24,1,512
1821,1,"1 2 4 3 4 -3 4 -2 4 4 -1 4",48,1,128
1822,1,"1 2 -1 -2 4 4 -2 4 4 4 2 4",24,1,-256
1823,1,"1 2 4 4 -2 4 4 2 -1 4 4 -2",24,1,-256
1824,1,"1 2 -1 4 4 4 4 3 4 -3 -2 4",48,1,0
1825,1,"1 2 4 2 4 -2 4 4 -2 -1 4 4",24,1,256
1826,1,"1 2 4 3 4 -2 4 4 4 -3 -1 4",48,1,128
1827,1,"1 2 -1 4 4 4 2 4 4 4 -2 -2",24,1,-512
1828,1,"1 2 4 4 4 -2 -2 -1 4 2 4 4",24,1,512
1829,1,"1 2 4 4 -2 4 4 4 4 4 -1 -4",24,1,-512
1830,1,"1 2 2 4 4 4 -2 4 4 -2 -1 4",24,1,512
1831,1,"1 2 4 2 4 -2 4 -2 -1 4 4 4",24,1,256
1832,1,"1 4 2 4 2 4 -1 4 4 -2 -2 4",24,1,256
1833,1,"1 4 2 4 -1 4 2 4 -2 -2 4 4",24,1,256
1834,1,"1 2 2 4 4 4 -1 4 -2 4 4 -2",24,1,0
1835,1,"1 4 -1 4 4 2 4 2 4 -2 -2 4",24,1,256
1836,1,"1 2 4 3 4 -1 4 -2 -3 4 4 4",48,1,128
1837,1,"1 2 4 3 4 -3 4 -1 -2 4 4 4",48,1,0
1838,1,"1 2 3 4 -1 4 4 -3 4 4 -2 4",48,1,128
1839,1,"1 2 4 3 -1 4 -2 4 -3 4 4 4",48,1,128
1840,1,"1 2 -4 -1 4 4 4 4 4 -2 4 4",24,1,-512
1841,1,"1 2 4 4 -2 4 4 2 -1 4 -2 4",24,1,0
1842,1,"1 2 4 4 4 2 4 4 -1 4 -2 -2",24,1,0
1843,1,"1 2 3 -1 4 -3 4 4 4 4 4 -2",48,1,-256
1844,1,"1 2 -1 4 4 -2 3 4 -3 4 4 4",48,1,0
1845,1,"1 1 4 -1 4 1 4 -1 4 -1 4 4",6,1,256
1846,1,"1 2 4 -2 4 4 -1 4 2 4 -2 4",24,1,128
1847,1,"1 2 3 -1 -3 4 -2 4 4 4 4 4",48,1,-256
1848,1,"1 2 -1 4 4 -2 4 3 4 4 -3 4",48,1,0
1849,1,"1 2 4 3 4 -2 4 -3 4 -1 4 4",48,1,128
1850,1,"1 2 3 4 4 -1 4 4 4 -3 4 -2",48,1,0
1851,1,"1 2 3 4 -3 -2 4 4 4 -1 4 4",48,1,256
1852,1,"1 2 2 4 4 4 -1 4 4 -2 -2 4",24,1,512
1853,1,"1 2 4 2 4 4 -2 -1 4 4 -2 4",24,1,256
1854,1,"1 2 3 -1 -3 4 4 4 4 -2 4 4",48,1,-256
1855,1,"1 2 4 4 4 4 -2 4 2 -1 4 -2",24,1,-256
1856,1,"1 2 2 4 -1 4 -2 -2 4 4 4 4",24,1,512
1857,1,"1 2 3 4 4 4 4 4 -1 -3 4 -2",48,1,-256
1858,1,"1 2 2 4 4 4 4 -2 -2 -1 4 4",24,1,1024
1859,1,"1 2 4 -1 4 -2 4 4 2 4 4 -2",24,1,0
1860,1,"1 2 4 -2 -2 4 2 4 4 -1 4 4",24,1,256
1861,1,"1 2 4 -2 4 2 4 4 -2 -1 4 4",24,1,256
1862,1,"1 2 2 4 4 -2 -1 4 4 4 4 -2",24,1,512
1863,1,"1 2 4 4 4 2 -1 4 4 -2 -2 4",24,1,0
1864,1,"1 2 4 4 4 -2 4 -1 4 -2 4 2",24,1,256
1865,1,"1 2 3 -1 4 -3 -2 4 4 4 4 4",48,1,0
1866,1,"1 4 -1 -4 -1 4 4 4 4 1 4 4",6,1,512
1867,1,"1 4 4 -1 4 4 1 4 4 4 -1 -4",6,1,-512
1868,1,"1 2 2 4 -1 4 4 -2 4 -2 4 4",24,1,256
1869,1,"1 2 2 4 4 4 4 4 -1 4 -2 -2",24,1,0
1870,1,"1 2 3 4 4 -1 -2 4 4 -3 4 4",48,1,0
1871,1,"1 2 4 -2 4 -1 2 4 -2 4 4 4",24,1,256
1872,1,"1 2 4 -2 4 2 4 -2 -1 4 4 4",24,1,256
1873,1,"1 2 4 -2 3 4 4 -1 4 4 -3 4",48,1,128
1874,1,"1 2 2 4 4 -2 4 4 -1 -2 4 4",24,1,0
1875,1,"1 2 4 2 4 4 4 -2 -1 4 -2 4",24,1,256
1876,1,"1 4 2 4 -1 4 4 -2 -2 4 2 4",24,1,256
1877,1,"1 2 4 2 4 -1 4 -2 4 4 -2 4",24,1,128
1878,1,"1 4 2 -1 4 2 4 4 -2 -2 4 4",24,1,256
1879,1,"1 2 3 4 4 4 -2 4 -1 -3 4 4",48,1,0
1880,1,"1 2 4 2 -1 4 -2 4 4 4 -2 4",24,1,0
1881,1,"1 4 2 4 -2 4 4 2 4 -2 -1 4",24,1,128
1882,1,"1 2 4 4 4 4 4 4 4 -2 -1 -4",24,1,-1024
1883,1,"1 2 4 -2 -1 4 -2 4 4 4 4 2",24,1,256
1884,1,"1 4 2 4 -1 4 -2 4 4 2 4 -2",24,1,128
1885,1,"1 2 3 4 -2 4 4 4 4 -1 -3 4",48,1,0
1886,1,"1 2 3 4 4 4 -1 4 -2 4 -3 4",48,1,128
1887,1,"1 2 2 4 4 -1 -2 4 4 4 4 -2",24,1,-512
1888,1,"1 2 4 -1 -2 4 -2 4 4 4 4 2",24,1,256
1889,1,"1 2 4 -2 -2 -1 4 4 2 4 4 4",24,1,512
1890,1,"1 2 4 4 4 4 4 -2 -2 -1 4 2",24,1,512
1891,1,"1 2 2 4 4 4 4 4 -2 -2 -1 4",24,1,1024
1892,1,"1 2 4 2 4 -2 -2 4 4 4 -1 4",24,1,256
1893,1,"1 4 2 4 -2 -2 4 4 4 2 -1 4",24,1,256
1894,1,"1 2 3 4 4 -3 4 -1 4 -2 4 4",48,1,128
1895,1,"1 2 2 4 4 4 4 -1 -2 4 -2 4",24,1,0
1896,1,"1 2 4 3 -1 4 -3 -2 4 4 4 4",48,1,0
1897,1,"1 2 4 4 3 4 -2 4 -3 4 -1 4",48,1,128
1898,1,"1 4 1 -4 -1 4 4 4 -1 4 4 4",6,1,-512
1899,1,"1 2 -1 4 -2 4 2 4 -2 4 4 4",24,1,0
1900,1,"1 2 2 4 4 -1 4 4 4 -2 4 -2",24,1,0
1901,1,"1 2 4 -2 -2 -1 4 4 4 4 4 2",24,1,512
1902,1,"1 2 4 4 2 4 -2 4 -2 -1 4 4",24,1,256
1903,1,"1 2 -1 4 4 -2 4 4 -2 4 4 2",24,1,256
1904,1,"1 4 2 4 2 4 4 4 -2 -2 -1 4",24,1,256
1905,1,"1 2 -1 4 4 4 3 4 -3 4 -2 4",48,1,0
1906,1,"1 2 4 -1 4 4 -2 4 4 2 4 -2",24,1,0
1907,1,"1 2 4 4 -2 -1 4 4 -2 4 2 4",24,1,256
1908,1,"1 2 -1 4 3 4 4 4 -2 -3 4 4",48,1,0
1909,1,"1 1 4 4 -1 4 4 4 4 4 -1 -4",6,1,-1024
1910,1,"1 2 -1 4 4 4 2 4 -2 -2 4 4",24,1,0
1911,1,"1 2 2 4 -2 4 -1 -2 4 4 4 4",24,1,0
1912,1,"1 2 4 -2 4 -2 4 4 4 2 -1 4",24,1,0
1913,1,"1 2 4 4 4 -2 -1 4 -2 4 4 2",24,1,256
1914,1,"1 2 4 3 4 4 4 -3 4 -1 -2 4",48,1,0
1915,1,"1 2 4 -1 3 4 4 4 -3 -2 4 4",48,1,256
1916,1,"1 2 3 4 -3 4 4 4 4 -1 -2 4",48,1,0
1917,1,"1 2 4 3 4 -2 -1 4 -3 4 4 4",48,1,256
1918,1,"1 1 4 4 4 4 4 -1 4 4 -1 -4",6,1,-1024
1919,1,"1 1 1 4 4 4 -1 4 4 -1 -1 4",6,1,1024
1920,1,"1 2 -1 2 4 4 -2 4 4 4 4 -2",24,1,0
1921,1,"1 4 2 4 2 4 -2 -2 4 4 -1 4",24,1,256
1922,1,"1 2 3 4 -1 -3 4 4 4 -2 4 4",48,1,0
1923,1,"1 2 2 4 4 -2 4 -1 4 4 -2 4",24,1,256
1924,1,"1 2 4 4 4 -1 -4 -2 4 4 4 4",24,1,-512
1925,1,"1 4 2 -4 -2 4 4 4 -1 4 4 4",24,1,-512
1926,1,"1 2 4 -2 -1 2 4 -2 4 4 4 4",24,1,256
1927,1,"1 4 2 2 -1 4 4 4 -2 -2 4 4",24,1,512
1928,1,"1 2 3 4 4 -3 -1 4 4 4 4 -2",48,1,256
1929,1,"1 2 4 -1 4 4 -2 4 3 4 -3 4",48,1,128
1930,1,"1 1 4 1 4 4 4 -1 4 -1 -1 4",6,1,512
1931,1,"1 1 4 -1 4 -1 4 4 -1 4 1 4",6,1,256
1932,1,"1 1 4 4 1 4 -1 4 -1 4 -1 4",6,1,256
1933,1,"1 2 -1 2 4 4 4 4 4 -2 4 -2",24,1,0
1934,1,"1 2 4 -1 4 2 4 -2 4 4 -2 4",24,1,128
1935,1,"1 2 4 4 4 -1 4 4 -2 -2 4 2",24,1,512
1936,1,"1 2 -1 -2 4 4 4 4 3 4 -3 4",48,1,-256
1937,1,"1 2 4 -2 3 4 -3 4 4 4 -1 4",48,1,128
1938,1,"1 2 2 4 -2 4 4 4 4 -1 4 -2",24,1,0
1939,1,"1 2 4 -1 4 4 2 4 -2 4 -2 4",24,1,128
1940,1,"1 2 4 4 -2 -1 4 4 4 -2 4 2",24,1,256
1941,1,"1 4 2 -1 4 2 4 4 -2 4 -2 4",24,1,128
1942,1,"1 4 4 2 2 4 -2 -1 4 4 4 -2",24,1,512
1943,1,"1 2 3 4 4 -2 -3 -1 4 4 4 4",48,1,256
1944,1,"1 2 -1 4 4 4 4 -2 3 4 -3 4",48,1,0
1945,1,"1 2 4 4 3 4 -3 -2 4 4 -1 4",24,1,128
1946,1,"1 4 2 2 4 -2 4 -2 4 -1 4 4",24,1,256
1947,1,"1 1 1 4 4 -1 -1 -1 4 4 4 4",6,1,2048
1948,1,"1 2 4 -2 4 4 4 2 4 -2 -1 4",24,1,256
1949,1,"1 4 2 4 4 4 4 -2 -4 -1 4 4",24,1,0
1950,1,"1 2 4 -2 4 4 -2 4 4 -1 4 2",24,1,256
1951,1,"1 2 4 4 4 -1 4 -2 4 -2 4 2",24,1,256
1952,1,"1 4 2 2 -1 4 -2 4 -2 4 4 4",24,1,256
1953,1,"1 2 4 -2 4 3 4 4 -3 4 -1 4",48,1,128
1954,1,"1 2 4 -1 4 -2 -2 4 2 4 4 4",24,1,256
1955,1,"1 4 2 -1 4 -2 4 4 4 2 4 -2",24,1,0
1956,1,"1 1 1 4 4 4 -1 -1 -1 4 4 4",3,1,2048
1957,1,"1 4 4 2 4 -2 -1 4 4 2 4 -2",12,1,256
1958,1,"1 2 4 2 4 -2 -1 4 4 4 -2 4",24,1,256
1959,1,"1 2 4 3 -2 4 4 -3 4 4 -1 4",48,1,128
1960,1,"1 2 4 -1 4 3 4 4 -2 -3 4 4",48,1,128
1961,1,"1 4 2 -4 -1 4 4 -2 4 4 4 4",24,1,0
1962,1,"1 2 3 4 4 -1 -2 4 4 4 -3 4",48,1,0
1963,1,"1 2 4 3 4 4 -3 4 4 -2 -1 4",48,1,256
1964,1,"1 2 4 -2 4 -2 4 4 2 4 -1 4",24,1,128
1965,1,"1 2 3 4 -1 -2 -3 4 4 4 4 4",48,1,-256
1966,1,"1 2 -1 4 4 -2 4 2 4 -2 4 4",24,1,0
1967,1,"1 2 3 4 -2 -1 -3 4 4 4 4 4",48,1,0
1968,1,"1 4 4 2 2 4 4 -2 -2 -1 4 4",24,1,512
1969,1,"1 4 2 4 -2 -4 -1 4 4 4 4 4",24,1,0
1970,1,"1 1 1 4 -1 -1 -1 4 4 4 4 4",6,1,2048
1971,1,"1 1 4 4 -1 -1 4 4 1 4 -1 4",6,1,512
1972,1,"1 2 -1 4 2 4 4 -2 4 4 -2 4",24,1,0
1973,1,"1 2 3 4 4 4 -2 4 -1 4 -3 4",48,1,128
1974,1,"1 2 4 3 4 4 -1 4 -3 4 -2 4",48,1,128
1975,1,"1 2 4 -2 4 4 3 4 -3 -1 4 4",48,1,128
1976,1,"1 2 3 4 -2 4 -3 4 -1 4 4 4",48,1,128
1977,1,"1 2 3 4 4 -1 4 4 -3 4 -2 4",48,1,128
1978,1,"1 2 4 -1 3 4 -3 4 4 4 -2 4",48,1,128
1979,1,"1 2 4 4 -2 4 -2 4 2 4 -1 4",24,1,128
1980,1,"1 1 1 4 -1 4 -1 4 -1 4 4 4",6,1,512
1981,1,"1 4 2 4 -2 -2 4 -1 4 4 2 4",24,1,256
1982,1,"1 2 4 4 -1 4 4 -2 -2 4 4 2",24,1,512
1983,1,"1 2 -1 4 4 4 -2 3 4 -3 4 4",48,1,0
1984,1,"1 2 3 4 -1 4 4 -3 4 4 4 -2",48,1,0
1985,1,"1 2 2 -1 -2 4 4 4 -2 4 4 4",24,1,-512
1986,1,"1 2 4 -2 -1 4 4 4 2 4 4 -2",24,1,256
1987,1,"1 4 2 2 4 -2 4 4 -1 4 4 -2",24,1,256
1988,1,"1 2 4 -1 -2 4 4 2 4 4 4 -2",24,1,-256
1989,1,"1 4 -1 -4 2 4 4 -2 4 4 4 4",24,1,0
1990,1,"1 2 3 -2 4 -1 4 -3 4 4 4 4",48,1,0
1991,1,"1 2 3 4 4 4 -3 -1 4 4 -2 4",48,1,256
1992,1,"1 2 -1 4 3 4 4 4 -2 4 -3 4",48,1,0
1993,1,"1 2 4 3 -2 4 4 -1 4 -3 4 4",48,1,128
1994,1,"1 2 4 -2 4 2 -1 4 4 4 -2 4",24,1,0
1995,1,"1 2 4 4 2 4 4 4 -2 -1 4 -2",24,1,256
1996,1,"1 2 4 4 4 -1 4 -2 4 2 4 -2",24,1,0
1997,1,"1 2 3 -2 -3 4 -1 4 4 4 4 4",48,1,-256
1998,1,"1 2 4 2 -1 -2 4 4 -2 4 4 4",24,1,-256
1999,1,"1 2 3 -1 4 -2 4 -3 4 4 4 4",48,1,0
2000,1,"1 2 4 -2 4 -2 4 -1 4 4 2 4",24,1,128
2001,1,"1 2 -1 4 2 4 4 4 4 -2 -2 4",24,1,0
2002,1,"1 2 3 -2 4 4 4 -3 -1 4 4 4",48,1,256
2003,1,"1 2 2 4 4 -1 4 4 -2 -2 4 4",24,1,512
2004,1,"1 2 3 4 -1 4 -2 -3 4 4 4 4",48,1,0
2005,1,"1 2 3 4 -3 4 -1 -2 4 4 4 4",48,1,0
2006,1,"1 2 4 4 -1 2 4 4 4 4 -2 -2",24,1,512
2007,1,"1 2 2 4 4 4 4 -2 4 -1 4 -2",24,1,0
2008,1,"1 1 4 -1 4 -1 -1 4 1 4 4 4",6,1,512
2009,1,"1 2 2 -1 -2 -2 4 4 4 4 4 4",24,1,-1024
2010,1,"1 2 4 4 -2 4 2 4 4 -1 4 -2",24,1,0
2011,1,"1 2 4 4 -2 4 -2 -1 4 4 2 4",24,1,256
2012,1,"1 4 2 4 2 -1 4 4 -2 -2 4 4",24,1,256
2013,1,"1 4 2 2 -1 4 4 -2 4 4 4 -2",24,1,0
2014,1,"1 4 2 -1 4 -2 4 4 -2 4 4 2",24,1,256
2015,1,"1 2 3 4 -1 4 -3 4 4 4 -2 4",48,1,128
2016,1,"1 2 4 -2 4 4 2 -1 -2 4 4 4",24,1,-256
2017,1,"1 2 4 -1 3 4 4 -3 -2 4 4 4",48,1,256
2018,1,"1 2 4 4 -1 3 4 4 -3 4 -2 4",48,1,128
2019,1,"1 4 2 4 4 -2 -2 4 -1 4 4 2",24,1,256
2020,1,"1 2 4 -1 4 -2 -2 4 4 4 4 2",24,1,512
2021,1,"1 4 4 1 4 4 -1 4 4 4 -1 -4",6,1,-512
2022,1,"1 2 4 4 -2 -2 -1 2 4 4 4 4",24,1,512
2023,1,"1 2 4 3 4 -2 -3 4 4 -1 4 4",48,1,128
2024,1,"1 2 4 2 4 -1 4 4 4 4 -2 -2",24,1,0
2025,1,"1 4 2 -1 4 -2 4 2 4 4 -2 4",24,1,128
2026,1,"1 2 2 4 -1 4 -2 4 4 4 4 -2",24,1,0
2027,1,"1 2 2 4 -1 4 4 4 4 4 -2 -2",24,1,0
2028,1,"1 2 4 4 4 -2 4 -1 4 2 4 -2",24,1,0
2029,1,"1 4 2 4 4 2 4 -2 -2 -1 4 4",24,1,256
2030,1,"1 2 4 -1 3 4 4 -2 4 -3 4 4",48,1,128
2031,1,"1 2 4 4 4 -1 2 4 4 4 -2 -2",24,1,512
2032,1,"1 2 2 4 -1 4 4 4 4 -2 4 -2",24,1,0
2033,1,"1 2 4 2 4 4 -2 4 -2 -1 4 4",24,1,256
2034,1,"1 2 4 4 4 -2 4 -2 -1 4 4 2",24,1,256
2035,1,"1 4 2 4 -2 4 -2 4 -1 4 4 2",24,1,128
2036,1,"1 2 4 3 4 4 -2 4 4 -3 -1 4",48,1,128
2037,1,"1 2 4 -1 4 3 4 4 -2 4 -3 4",48,1,128
2038,1,"1 1 1 4 4 -1 4 4 -1 -1 4 4",6,1,1024
2039,1,"1 2 4 -2 4 4 4 4 2 -1 4 -2",24,1,-256
2040,1,"1 2 4 4 4 -2 4 4 4 4 -1 -4",24,1,-512
2041,1,"1 4 2 4 -1 4 4 -2 4 -2 4 2",24,1,128
2042,1,"1 4 2 -1 4 4 4 2 4 -2 -2 4",24,1,256
2043,1,"1 2 4 -2 3 4 4 -1 -3 4 4 4",48,1,256
2044,1,"1 2 4 4 2 4 -2 -1 4 4 -2 4",24,1,256
2045,1,"1 2 3 -1 4 4 4 -3 4 4 -2 4",48,1,0
2046,1,"1 2 3 4 -3 4 4 4 4 -1 4 -2",48,1,0
2047,1,"1 2 4 4 2 4 4 -1 4 -2 -2 4",24,1,256
2048,1,"1 4 2 -1 4 4 4 4 2 4 -2 -2",24,1,0
2049,1,"1 4 2 4 2 4 -2 -2 4 -1 4 4",24,1,256
2050,1,"1 4 2 4 4 2 4 -1 4 4 -2 -2",24,1,256
2051,1,"1 4 1 4 -1 4 1 4 -1 4 -1 4",6,1,128
2052,1,"1 2 -1 4 4 4 -2 -2 4 4 2 4",24,1,0
2053,1,"1 2 4 4 4 4 2 4 -2 -2 -1 4",24,1,512
2054,1,"1 2 3 4 -2 4 4 4 -3 -1 4 4",48,1,256
2055,1,"1 2 2 -1 4 4 4 -2 -2 4 4 4",24,1,0
2056,1,"1 2 3 4 -2 -3 4 -1 4 4 4 4",48,1,0
2057,1,"1 4 1 4 4 4 -1 -4 -1 4 4 4",6,1,512
2058,1,"1 2 4 2 4 -2 4 -1 4 -2 4 4",24,1,128
2059,1,"1 4 2 -1 4 4 -2 -2 4 4 4 2",24,1,512
2060,1,"1 2 -1 4 4 4 -2 3 4 4 -3 4",48,1,0
2061,1,"1 1 4 4 -1 -4 -1 4 4 4 4 4",6,1,1024
2062,1,"1 2 -1 4 4 -2 4 4 2 4 4 -2",24,1,-256
2063,1,"1 2 4 -2 -1 4 4 -2 4 2 4 4",24,1,256
2064,1,"1 4 -1 4 4 4 2 4 2 4 -2 -2",24,1,256
2065,1,"1 2 4 4 -2 -2 4 4 -1 4 4 2",24,1,512
2066,1,"1 2 3 4 -3 4 -2 4 4 -1 4 4",48,1,128
2067,1,"1 2 3 4 4 -2 -1 -3 4 4 4 4",48,1,0
2068,1,"1 2 4 3 4 -3 4 4 -1 4 -2 4",48,1,128
2069,1,"1 2 4 -1 -2 4 4 -2 4 2 4 4",24,1,0
2070,1,"1 2 -1 4 4 3 4 -3 4 -2 4 4",48,1,0
2071,1,"1 4 -1 4 4 4 1 4 4 4 -1 -4",6,1,-512
2072,1,"1 2 2 4 -2 4 -1 4 4 4 4 -2",24,1,0
2073,1,"1 2 4 4 4 -2 -1 4 2 4 4 -2",24,1,256
2074,1,"1 2 4 4 4 -2 4 -2 4 2 -1 4",24,1,0
2075,1,"1 4 2 4 -2 4 -2 4 4 2 -1 4",24,1,128
2076,1,"1 2 4 3 -2 4 4 -1 4 4 -3 4",48,1,128
2077,1,"1 2 2 4 -2 4 -2 4 -1 4 4 4",24,1,256
2078,1,"1 2 4 3 4 -2 4 4 -3 4 -1 4",48,1,128
2079,1,"1 2 4 4 2 -1 -2 4 4 4 -2 4",24,1,-256
2080,1,"1 4 2 4 2 -1 4 4 -2 4 -2 4",24,1,128
2081,1,"1 2 4 3 4 4 -3 4 4 -1 -2 4",48,1,0
2082,1,"1 1 4 4 4 4 4 -1 -4 -1 4 4",6,1,1024
2083,1,"1 2 -1 2 4 -2 4 4 -2 4 4 4",24,1,256
2084,1,"1 2 4 3 4 -1 4 4 -2 -3 4 4",48,1,128
2085,1,"1 2 2 -1 4 -2 4 -2 4 4 4 4",24,1,0
2086,1,"1 4 2 -1 4 4 -2 4 -2 4 2 4",24,1,128
2087,1,"1 2 2 4 -2 4 4 4 -1 -2 4 4",24,1,0
2088,1,"1 2 4 4 4 2 4 -2 -1 4 4 -2",24,1,256
2089,1,"1 2 3 4 4 -3 4 4 4 4 -1 -2",48,1,-256
2090,1,"1 2 3 -2 4 4 4 4 4 -1 -3 4",48,1,-256
2091,1,"1 4 4 -1 4 4 4 -1 4 4 1 -4",6,1,512
2092,1,"1 2 -1 4 -2 4 -2 4 4 4 4 2",24,1,256
2093,1,"1 2 -1 -2 4 2 4 -2 4 4 4 4",24,1,-256
2094,2,"4 4 4 4 4 4 4 4 4 4 4 4",1,12,8192
